Log_exposure,Actions_taken,Liberal,Unconstitutional,Precedent_alteration,Unanimous,Year_of_decision,Lower_court_disagreement
2.3,0,1,0,0,1,1953.0,1
2.3,0,0,0,0,1,1953.0,0
2.3,0,0,0,0,0,1953.0,0
2.3,0,0,0,0,1,1953.0,1
2.3,0,1,0,0,0,1953.0,0
2.3,0,0,0,0,1,1953.0,1
2.3,0,1,0,0,0,1953.0,0
2.3,0,1,0,0,1,1953.0,1
2.3,1,0,0,0,0,1953.0,0
2.3,1,0,0,0,0,1953.0,0
2.3,0,1,0,0,1,1953.0,0
2.3,0,1,0,0,0,1953.0,0
2.3,1,0,0,0,0,1953.0,0
2.3,0,1,0,0,0,1953.0,0
2.3,0,1,0,0,1,1953.0,0
2.3,0,1,0,0,0,1953.0,0
2.3,0,1,0,0,0,1953.0,0
2.3,0,0,0,0,0,1953.0,1
2.3,0,0,0,0,1,1953.0,1
2.3,0,1,0,0,0,1953.0,0
2.3,0,0,0,0,0,1953.0,0
2.3,0,0,0,0,1,1953.0,1
2.3,0,1,0,0,0,1953.0,0
2.3,0,0,0,0,1,1953.0,1
2.3,0,0,0,0,0,1953.0,0
2.3,0,1,0,0,1,1953.0,0
2.3,0,1,0,0,0,1954.0,0
2.3,0,1,0,0,0,1954.0,1
2.3,0,1,0,0,1,1954.0,0
2.3,0,0,0,0,1,1954.0,0
2.3,0,1,0,0,1,1954.0,0
2.3,0,1,0,0,1,1954.0,0
2.3,0,1,0,0,1,1954.0,0
2.3,0,0,0,0,0,1954.0,0
2.3,0,1,1,1,1,1954.0,0
2.3,0,1,0,0,1,1954.0,0
2.3,0,0,0,0,0,1954.0,0
2.3,0,0,0,0,1,1954.0,0
2.3,0,0,0,0,1,1954.0,0
2.3,0,0,0,0,0,1954.0,1
2.3,0,1,1,1,1,1954.0,0
2.3,0,1,0,0,0,1954.0,0
2.3,0,1,0,0,0,1954.0,0
2.3,0,1,0,0,1,1954.0,0
2.3,0,0,0,0,0,1954.0,0
2.3,0,1,0,0,0,1954.0,0
2.3,0,1,0,0,1,1954.0,0
2.3,0,0,0,0,0,1954.0,0
2.3,0,1,0,0,1,1954.0,0
2.3,0,0,0,0,0,1954.0,0
2.3,0,1,0,0,0,1954.0,1
2.3,0,0,0,0,0,1954.0,0
2.3,0,0,0,0,1,1954.0,1
2.3,0,1,0,0,1,1954.0,0
2.3,0,0,0,0,0,1954.0,0
2.3,0,0,0,0,1,1954.0,0
2.3,0,1,0,0,0,1954.0,0
2.3,0,0,0,0,0,1954.0,0
2.3,0,0,0,0,0,1954.0,0
2.3,0,1,0,0,0,1954.0,0
2.3,0,1,0,0,1,1954.0,0
2.3,0,0,0,0,0,1954.0,1
2.3,0,0,0,0,0,1954.0,0
2.3,0,1,0,0,1,1954.0,0
2.3,0,0,0,0,0,1954.0,0
2.3,0,0,0,0,0,1954.0,0
2.3,0,1,0,0,0,1954.0,0
2.3,0,0,0,0,0,1954.0,1
2.3,0,1,0,0,0,1954.0,1
2.3,0,1,0,0,0,1954.0,0
2.3,0,0,0,0,0,1954.0,1
2.3,0,1,0,0,1,1954.0,1
2.3,0,1,0,0,0,1954.0,0
2.3,0,0,0,0,0,1954.0,0
2.3,0,0,0,0,0,1954.0,0
2.3,0,1,0,0,1,1954.0,0
2.3,0,1,0,0,1,1954.0,0
2.3,0,0,0,0,0,1954.0,1
2.3,0,0,0,0,0,1954.0,0
2.3,0,0,0,0,0,1954.0,0
2.3,0,1,1,1,1,1954.0,0
2.3,0,0,0,0,0,1954.0,0
2.3,0,1,1,1,1,1954.0,0
2.3,6,0,0,0,0,1954.0,0
2.3,0,1,0,0,1,1954.0,1
2.3,0,0,0,0,1,1954.0,1
2.3,0,1,0,0,1,1954.0,0
2.3,0,0,0,0,0,1954.0,1
2.3,0,1,0,0,1,1954.0,0
2.3,0,1,0,0,1,1954.0,0
2.3,0,0,0,0,0,1954.0,0
2.3,0,1,0,0,1,1954.0,0
2.3,0,1,0,0,1,1954.0,0
2.3,0,1,0,0,0,1954.0,1
2.3,0,0,0,0,1,1954.0,0
2.3,0,1,0,0,1,1955.0,0
2.3,0,1,0,0,1,1955.0,0
2.3,0,1,0,0,0,1955.0,0
2.3,0,1,0,0,1,1955.0,0
2.3,0,0,0,0,0,1955.0,0
2.3,0,0,0,0,0,1955.0,1
2.3,1,1,0,0,0,1955.0,0
2.3,0,1,0,0,0,1955.0,1
2.3,0,1,0,0,0,1955.0,0
2.3,0,1,0,0,0,1955.0,0
2.3,0,1,0,0,0,1955.0,1
2.3,0,0,0,0,1,1955.0,0
2.3,0,1,0,0,1,1955.0,0
2.3,0,0,0,0,0,1955.0,0
2.3,0,0,0,0,0,1955.0,1
2.3,0,0,0,0,0,1955.0,0
2.3,0,1,0,0,1,1955.0,0
2.3,0,1,0,0,0,1955.0,0
2.3,0,1,0,0,0,1955.0,0
2.3,0,1,0,0,0,1955.0,1
2.3,0,1,0,0,0,1955.0,0
2.3,0,1,0,0,0,1955.0,1
2.3,2,0,0,0,0,1955.0,0
2.3,0,0,0,0,0,1955.0,0
2.3,0,1,0,0,0,1955.0,0
2.3,0,1,0,0,1,1955.0,0
2.3,0,0,0,0,1,1955.0,0
2.3,0,0,0,0,0,1955.0,0
2.3,0,1,0,0,0,1955.0,0
2.3,0,1,0,0,1,1955.0,0
2.3,0,0,0,0,0,1955.0,0
2.3,0,1,0,0,1,1955.0,0
2.3,0,1,0,0,1,1955.0,0
2.3,0,1,0,0,0,1955.0,0
2.3,0,0,0,0,0,1955.0,0
2.3,0,1,0,0,1,1955.0,0
2.3,0,0,0,0,1,1955.0,0
2.3,0,1,0,0,1,1955.0,0
2.3,0,1,0,0,0,1955.0,0
2.3,0,1,0,0,0,1955.0,0
2.3,0,1,0,0,0,1955.0,1
2.3,0,1,0,0,1,1955.0,0
2.3,0,1,0,0,1,1955.0,0
2.3,0,0,0,0,0,1955.0,1
2.3,0,1,0,0,0,1955.0,0
2.3,0,1,0,0,1,1955.0,0
2.3,0,0,0,0,1,1955.0,0
2.3,0,1,0,0,1,1955.0,0
2.3,0,1,0,0,1,1955.0,0
2.3,0,0,0,0,0,1955.0,0
2.3,0,1,0,0,0,1955.0,0
2.3,0,1,0,0,1,1955.0,0
2.3,0,1,0,0,0,1955.0,0
2.3,0,1,0,0,1,1955.0,0
2.3,0,0,0,0,1,1955.0,0
2.3,0,1,0,0,0,1955.0,0
2.3,0,1,0,0,0,1955.0,0
2.3,0,1,0,0,0,1955.0,0
2.3,0,1,0,0,0,1955.0,0
2.3,0,1,0,0,1,1955.0,0
2.3,0,1,0,0,1,1955.0,0
2.3,0,0,0,0,1,1955.0,0
2.3,0,1,0,0,0,1955.0,0
2.3,0,1,0,0,0,1956.0,0
2.3,0,1,0,0,1,1956.0,0
2.3,0,1,0,0,1,1956.0,0
2.3,0,1,0,0,0,1956.0,0
2.3,0,1,0,0,1,1956.0,0
2.3,0,1,0,0,1,1956.0,0
2.3,0,1,0,0,0,1956.0,0
2.3,0,1,0,0,0,1956.0,0
2.3,0,0,0,0,1,1956.0,0
2.3,0,1,0,0,1,1956.0,0
2.3,0,1,0,0,0,1956.0,1
2.3,0,1,0,0,0,1956.0,0
2.3,0,1,0,0,0,1956.0,1
2.3,0,1,1,0,0,1956.0,1
2.3,0,1,0,0,1,1956.0,0
2.3,0,1,0,0,0,1956.0,0
2.3,0,1,0,0,0,1956.0,1
2.3,0,0,0,0,0,1956.0,0
2.3,0,1,0,0,0,1956.0,0
2.3,0,0,0,0,1,1956.0,0
2.3,0,1,0,0,1,1956.0,0
2.3,0,0,0,0,0,1956.0,1
2.3,0,1,0,0,0,1956.0,1
2.3,0,0,0,0,0,1956.0,0
2.3,0,1,0,0,1,1956.0,1
2.3,0,1,0,0,0,1956.0,0
2.3,0,0,0,0,0,1956.0,0
2.3,0,0,0,0,1,1956.0,0
2.3,0,1,0,0,1,1956.0,0
2.3,0,1,0,0,0,1956.0,0
2.3,0,0,0,0,0,1956.0,0
2.3,0,0,0,0,0,1956.0,0
2.3,0,1,0,0,0,1956.0,0
2.3,0,1,0,0,1,1956.0,1
2.3,0,0,0,0,0,1956.0,0
2.3,0,1,0,0,0,1956.0,0
2.3,0,0,0,0,0,1956.0,0
2.3,0,0,0,0,0,1956.0,0
2.3,0,0,0,0,1,1956.0,0
2.3,0,0,0,0,0,1956.0,0
2.3,0,1,0,0,0,1956.0,0
2.3,0,0,0,0,0,1956.0,1
2.3,0,1,0,0,0,1956.0,0
2.3,0,0,0,0,0,1956.0,0
2.3,0,1,1,0,0,1956.0,1
2.3,0,1,0,0,1,1956.0,0
2.3,0,1,0,0,1,1956.0,0
2.3,0,1,0,0,0,1956.0,0
2.3,0,0,0,0,1,1956.0,0
2.3,0,0,0,0,0,1956.0,0
2.3,0,1,0,0,1,1956.0,0
2.3,0,0,0,0,0,1956.0,0
2.3,0,1,0,0,0,1956.0,0
2.3,0,1,0,0,1,1956.0,0
2.3,0,1,0,0,0,1956.0,1
2.3,0,1,0,0,1,1956.0,0
2.3,0,1,0,0,0,1956.0,0
2.3,0,1,0,0,1,1956.0,0
2.3,0,0,0,0,1,1956.0,1
2.3,0,0,0,0,0,1956.0,0
2.3,0,0,0,0,0,1956.0,1
2.3,0,0,0,0,0,1956.0,0
2.3,0,0,0,0,1,1956.0,1
2.3,0,1,0,0,1,1956.0,1
2.3,0,1,0,0,1,1956.0,0
2.3,0,0,0,0,1,1956.0,0
2.3,0,0,0,0,0,1956.0,1
2.3,0,0,0,0,0,1956.0,1
2.3,0,0,0,0,0,1956.0,1
2.3,0,1,0,0,1,1956.0,0
2.3,0,0,0,0,0,1956.0,0
2.3,0,1,0,0,1,1956.0,0
2.3,0,1,0,0,0,1956.0,0
2.3,0,1,0,0,1,1956.0,0
2.3,0,1,0,0,0,1956.0,1
2.3,0,1,0,0,1,1956.0,1
2.3,0,1,0,0,1,1956.0,0
2.3,0,1,0,0,1,1956.0,0
2.3,0,1,0,0,0,1956.0,0
2.3,0,1,0,0,1,1956.0,0
2.3,0,1,1,0,0,1956.0,0
2.3,0,0,0,0,0,1956.0,0
2.3,0,0,0,0,0,1957.0,0
2.3,0,0,0,0,1,1957.0,0
2.3,0,0,0,0,0,1957.0,0
2.3,0,1,0,0,1,1957.0,0
2.3,0,1,0,0,1,1957.0,0
2.3,0,0,0,0,0,1957.0,0
2.3,0,1,0,0,1,1957.0,0
2.3,0,0,0,0,0,1957.0,0
2.3,0,1,0,0,0,1957.0,0
2.3,0,1,0,0,1,1957.0,0
2.3,0,1,0,0,1,1957.0,0
2.3,0,1,0,0,0,1957.0,0
2.3,0,1,1,0,0,1957.0,0
2.3,0,1,0,0,1,1957.0,0
2.3,0,0,0,0,0,1957.0,0
2.3,0,0,0,0,0,1957.0,0
2.3,0,1,0,0,0,1957.0,1
2.3,0,0,0,0,0,1957.0,1
2.3,0,0,0,0,0,1957.0,0
2.3,0,1,0,0,0,1957.0,0
2.3,0,1,0,0,1,1957.0,1
2.3,0,1,0,0,0,1957.0,0
2.3,0,1,0,0,0,1957.0,0
2.3,0,0,0,0,1,1957.0,0
2.3,0,1,1,1,0,1957.0,0
2.3,0,1,0,0,0,1957.0,0
2.3,0,1,0,0,1,1957.0,0
2.3,0,1,0,0,0,1957.0,0
2.3,0,1,0,0,1,1957.0,1
2.3,0,1,0,0,0,1957.0,0
2.3,0,0,0,0,0,1957.0,0
2.3,0,1,0,0,0,1957.0,0
2.3,0,0,0,0,0,1957.0,0
2.3,0,1,0,1,0,1957.0,0
2.3,0,1,0,0,0,1957.0,0
2.3,0,1,0,0,0,1957.0,0
2.3,0,0,0,0,0,1957.0,0
2.3,0,1,0,0,0,1957.0,0
2.3,0,1,0,0,0,1957.0,0
2.3,0,0,0,0,0,1957.0,0
2.3,0,0,0,0,1,1957.0,0
2.3,0,1,0,0,1,1957.0,0
2.3,0,0,0,0,0,1957.0,0
2.3,0,1,0,0,0,1957.0,0
2.3,0,1,0,0,0,1957.0,0
2.3,0,0,0,0,0,1957.0,0
2.3,0,0,0,0,0,1957.0,0
2.3,0,1,0,0,0,1957.0,0
2.3,0,1,1,1,0,1957.0,0
2.3,0,1,0,0,0,1957.0,0
2.3,0,1,0,0,0,1957.0,0
2.3,0,1,0,0,1,1957.0,0
2.3,0,0,0,0,0,1957.0,0
2.3,0,1,0,0,0,1957.0,0
2.3,0,1,0,0,1,1957.0,1
2.3,0,1,0,0,0,1957.0,0
2.3,0,1,0,0,1,1957.0,0
2.3,0,1,1,0,1,1957.0,0
2.3,0,1,0,0,0,1957.0,0
2.3,0,1,0,0,0,1957.0,1
2.3,0,1,0,0,0,1957.0,1
2.3,0,1,0,0,0,1957.0,0
2.3,0,1,0,0,1,1957.0,1
2.3,0,1,0,0,1,1957.0,1
2.3,0,1,0,0,0,1957.0,0
2.3,0,0,0,0,0,1957.0,0
2.3,0,1,0,0,0,1957.0,1
2.3,0,1,0,0,0,1957.0,0
2.3,0,1,0,0,1,1957.0,0
2.3,0,1,0,0,1,1957.0,0
2.3,0,1,0,0,1,1957.0,0
2.3,0,1,0,0,0,1957.0,0
2.3,0,1,0,0,1,1957.0,0
2.3,0,1,0,0,1,1957.0,0
2.3,0,1,0,0,1,1957.0,0
2.3,0,1,0,0,0,1957.0,0
2.3,0,1,0,0,1,1957.0,0
2.3,0,0,0,0,0,1957.0,0
2.3,0,1,0,0,0,1957.0,0
2.3,0,1,0,0,1,1957.0,1
2.3,0,0,0,0,0,1957.0,0
2.3,0,1,0,0,1,1957.0,0
2.3,0,0,0,0,1,1957.0,0
2.3,0,1,0,0,0,1957.0,1
2.3,0,0,0,0,0,1957.0,1
2.3,0,1,0,0,0,1957.0,0
2.3,0,0,0,0,0,1957.0,0
2.3,0,0,0,0,0,1957.0,0
2.3,0,0,0,0,0,1957.0,0
2.3,0,1,0,0,0,1957.0,0
2.3,0,1,0,0,1,1957.0,0
2.3,0,1,0,0,0,1957.0,0
2.3,0,1,0,0,0,1957.0,0
2.3,0,1,0,0,0,1957.0,1
2.3,0,1,0,0,0,1957.0,0
2.3,0,0,0,0,1,1957.0,0
2.3,0,1,0,0,1,1957.0,0
2.3,0,0,0,0,0,1957.0,0
2.3,0,0,0,0,0,1957.0,0
2.3,0,1,0,0,0,1957.0,0
2.3,0,1,0,0,0,1957.0,0
2.3,0,0,0,0,1,1957.0,0
2.3,0,1,0,0,0,1957.0,0
2.3,0,0,0,0,0,1957.0,0
2.3,0,1,0,0,0,1957.0,0
2.3,0,1,0,0,0,1957.0,0
2.3,0,0,0,0,0,1957.0,0
2.3,0,1,0,0,0,1957.0,0
2.3,0,0,0,0,0,1957.0,0
2.3,0,1,0,0,1,1957.0,0
2.3,0,1,0,0,0,1957.0,0
2.3,0,1,0,0,0,1957.0,1
2.3,0,1,1,0,0,1958.0,0
2.3,0,0,0,0,0,1958.0,0
2.3,0,1,0,0,1,1958.0,1
2.3,0,0,0,0,1,1958.0,0
2.3,0,0,0,0,0,1958.0,0
2.3,0,1,0,0,1,1958.0,0
2.3,0,1,0,0,0,1958.0,0
2.3,0,1,1,0,0,1958.0,1
2.3,0,1,0,0,0,1958.0,0
2.3,0,0,0,0,0,1958.0,0
2.3,0,1,0,0,1,1958.0,1
2.3,0,0,0,0,0,1958.0,0
2.3,0,1,0,0,0,1958.0,1
2.3,0,1,0,0,0,1958.0,0
2.3,0,1,0,0,0,1958.0,0
2.3,0,0,0,0,0,1958.0,0
2.3,0,1,0,0,0,1958.0,0
2.3,0,1,0,0,0,1958.0,0
2.3,0,1,0,0,0,1958.0,0
2.3,0,1,0,0,0,1958.0,0
2.3,0,0,0,0,0,1958.0,1
2.3,0,1,0,0,0,1958.0,0
2.3,0,0,0,0,0,1958.0,0
2.3,0,1,0,0,1,1958.0,0
2.3,0,1,0,0,0,1958.0,0
2.3,0,1,0,0,1,1958.0,0
2.3,0,1,0,0,1,1958.0,1
2.3,0,1,0,0,1,1958.0,1
2.3,0,0,0,0,0,1958.0,0
2.3,0,1,0,0,0,1958.0,0
2.3,0,0,0,0,0,1958.0,0
2.3,0,0,0,0,1,1958.0,0
2.3,0,0,0,0,1,1958.0,0
2.3,0,0,0,0,0,1958.0,0
2.3,0,0,0,0,0,1958.0,0
2.3,0,1,0,0,1,1958.0,0
2.3,0,0,0,0,0,1958.0,0
2.3,0,0,0,0,1,1958.0,0
2.3,0,1,0,0,1,1958.0,0
2.3,0,1,0,0,1,1958.0,0
2.3,0,0,0,0,0,1958.0,0
2.3,0,0,0,0,0,1958.0,0
2.3,0,0,0,0,0,1958.0,0
2.3,0,0,0,0,0,1958.0,0
2.3,0,1,0,0,0,1958.0,0
2.3,0,1,0,0,0,1958.0,0
2.3,0,0,0,0,0,1958.0,0
2.3,0,1,0,0,0,1958.0,1
2.3,0,0,0,0,0,1958.0,0
2.3,0,1,0,0,0,1958.0,0
2.3,0,0,0,0,1,1958.0,0
2.3,0,1,0,0,0,1958.0,0
2.3,0,0,0,0,0,1958.0,0
2.3,0,1,0,0,0,1958.0,0
2.3,0,0,0,0,1,1958.0,0
2.3,0,1,0,0,0,1958.0,0
2.3,0,1,0,0,0,1958.0,1
2.3,0,1,0,0,0,1958.0,1
2.3,0,1,0,0,0,1958.0,0
2.3,0,1,0,0,0,1958.0,0
2.3,0,1,0,0,0,1958.0,0
2.3,0,1,0,0,0,1958.0,1
2.3,0,0,0,0,0,1958.0,0
2.3,0,0,0,0,0,1958.0,0
2.3,0,0,0,0,0,1958.0,0
2.3,0,0,0,0,0,1958.0,0
2.3,0,0,0,0,0,1958.0,1
2.3,0,1,0,0,1,1958.0,0
2.3,0,0,0,0,0,1958.0,0
2.3,0,0,0,0,0,1958.0,0
2.3,0,0,0,0,0,1958.0,1
2.3,0,1,0,0,1,1958.0,0
2.3,0,0,0,0,0,1958.0,0
2.3,0,1,0,0,0,1958.0,0
2.3,0,0,0,0,1,1958.0,1
2.3,0,1,1,0,0,1958.0,0
2.3,0,1,0,0,0,1958.0,0
2.3,0,1,0,0,0,1958.0,1
2.3,0,1,0,0,1,1958.0,0
2.3,0,0,0,0,0,1958.0,0
2.3,0,1,0,0,0,1958.0,0
2.3,0,0,0,0,1,1958.0,1
2.3,0,1,0,0,0,1958.0,0
2.3,0,0,0,0,0,1958.0,0
2.3,0,0,0,0,0,1958.0,0
2.3,0,1,1,0,0,1958.0,0
2.3,0,1,0,0,0,1958.0,1
2.3,0,0,0,0,0,1958.0,0
2.3,0,1,0,0,1,1958.0,0
2.3,0,1,0,0,0,1958.0,0
2.3,0,1,0,0,0,1958.0,0
2.3,0,1,1,0,0,1958.0,0
2.3,0,0,0,0,1,1958.0,0
2.3,0,0,0,0,0,1958.0,0
2.3,0,1,0,0,1,1958.0,0
2.3,0,0,0,0,1,1958.0,0
2.3,0,1,0,0,0,1958.0,0
2.3,0,1,0,0,1,1958.0,0
2.3,0,0,0,0,0,1958.0,0
2.3,0,1,0,0,1,1958.0,0
2.3,0,0,0,0,0,1959.0,0
2.3,0,1,1,0,1,1959.0,1
2.3,0,0,0,0,0,1959.0,0
2.3,0,0,0,0,0,1959.0,0
2.3,0,0,0,0,1,1959.0,0
2.3,0,0,0,0,0,1959.0,0
2.3,0,0,0,0,0,1959.0,0
2.3,0,1,0,0,1,1959.0,0
2.3,0,1,0,0,1,1959.0,1
2.3,0,0,0,0,0,1959.0,0
2.3,0,1,0,0,1,1959.0,1
2.3,0,0,0,0,0,1959.0,0
2.3,0,1,0,0,0,1959.0,0
2.3,0,0,0,0,0,1959.0,0
2.3,0,1,0,0,0,1959.0,0
2.3,0,1,0,0,0,1959.0,0
2.3,0,1,0,0,0,1959.0,1
2.3,0,1,0,0,1,1959.0,0
2.3,0,1,0,0,0,1959.0,0
2.3,0,0,0,0,0,1959.0,0
2.3,0,1,0,0,0,1959.0,0
2.3,0,1,0,0,1,1959.0,0
2.3,0,0,0,0,0,1959.0,0
2.3,0,1,0,0,1,1959.0,0
2.3,0,0,0,0,0,1959.0,0
2.3,0,0,0,0,0,1959.0,0
2.3,0,0,0,0,0,1959.0,0
2.3,0,1,0,0,0,1959.0,0
2.3,0,0,0,0,0,1959.0,1
2.3,0,0,0,0,0,1959.0,0
2.3,0,1,0,0,1,1959.0,0
2.3,0,0,0,0,0,1959.0,0
2.3,0,1,0,0,1,1959.0,0
2.3,0,1,0,0,1,1959.0,0
2.3,0,1,0,0,1,1959.0,1
2.3,0,0,0,0,0,1959.0,1
2.3,0,0,0,0,0,1959.0,0
2.3,0,0,0,0,0,1959.0,1
2.3,0,1,0,0,0,1959.0,0
2.3,0,0,0,0,0,1959.0,0
2.3,0,1,0,0,0,1959.0,0
2.3,0,1,0,0,1,1959.0,1
2.3,0,1,0,0,0,1959.0,1
2.3,0,1,0,0,0,1959.0,1
2.3,0,0,0,0,1,1959.0,0
2.3,0,1,0,0,0,1959.0,0
2.3,0,1,0,0,0,1959.0,1
2.3,0,1,1,0,1,1959.0,0
2.3,0,0,0,0,0,1959.0,0
2.3,0,1,0,0,1,1959.0,1
2.3,0,1,0,0,1,1959.0,0
2.3,0,1,0,0,1,1959.0,0
2.3,0,1,0,0,1,1959.0,0
2.3,0,1,0,0,1,1959.0,0
2.3,0,0,0,0,0,1959.0,0
2.3,0,0,0,0,0,1959.0,0
2.3,0,1,0,0,0,1959.0,0
2.3,0,1,0,0,0,1959.0,1
2.3,0,0,0,0,0,1959.0,0
2.3,0,0,0,0,0,1959.0,0
2.3,0,1,0,0,0,1959.0,1
2.3,0,1,0,0,1,1959.0,1
2.3,0,0,0,0,0,1959.0,0
2.3,0,1,0,0,1,1959.0,0
2.3,0,1,0,0,1,1959.0,0
2.3,0,1,0,0,0,1959.0,0
2.3,0,1,0,0,0,1959.0,1
2.3,0,1,0,0,1,1959.0,0
2.3,0,1,0,0,1,1959.0,0
2.3,0,0,0,0,0,1959.0,0
2.3,0,0,0,0,0,1959.0,0
2.3,0,0,0,0,0,1959.0,0
2.3,0,0,0,0,0,1959.0,0
2.3,0,1,0,0,1,1959.0,1
2.3,0,1,0,0,0,1959.0,0
2.3,0,0,0,0,0,1959.0,0
2.3,0,0,0,0,0,1959.0,0
2.3,0,1,0,0,0,1959.0,0
2.3,0,1,0,0,1,1959.0,0
2.3,0,1,0,0,1,1959.0,1
2.3,0,1,0,0,0,1959.0,0
2.3,0,1,0,0,0,1959.0,0
2.3,0,1,0,0,1,1959.0,0
2.3,0,1,0,0,1,1959.0,0
2.3,0,0,0,0,1,1959.0,0
2.3,0,0,0,0,1,1959.0,0
2.3,0,0,0,0,1,1959.0,0
2.3,0,0,0,0,0,1959.0,0
2.3,0,1,0,0,1,1959.0,0
2.3,0,1,0,0,0,1959.0,0
2.3,0,0,0,0,0,1959.0,0
2.3,0,0,0,0,0,1959.0,0
2.3,0,1,0,0,1,1959.0,0
2.3,0,0,0,0,0,1959.0,0
2.3,0,0,0,0,0,1959.0,0
2.3,0,1,0,0,0,1960.0,0
2.3,0,1,0,0,1,1960.0,0
2.3,0,0,0,0,0,1960.0,0
2.3,0,0,0,0,0,1960.0,0
2.3,0,0,0,0,0,1960.0,0
2.3,0,0,0,0,0,1960.0,0
2.3,0,1,0,0,0,1960.0,0
2.3,0,1,0,0,0,1960.0,0
2.3,0,1,0,0,1,1960.0,0
2.3,0,0,0,0,1,1960.0,0
2.3,0,1,0,0,0,1960.0,0
2.3,0,1,1,0,0,1960.0,0
2.3,0,1,0,0,0,1960.0,0
2.3,0,1,0,0,1,1960.0,0
2.3,0,1,0,0,0,1960.0,0
2.3,0,0,0,0,0,1960.0,0
2.3,0,1,0,0,1,1960.0,1
2.3,0,0,0,0,0,1960.0,0
2.3,0,1,0,0,0,1960.0,1
2.3,0,1,0,0,0,1960.0,1
2.3,0,0,0,0,0,1960.0,0
2.3,0,0,0,0,0,1960.0,0
2.3,0,0,0,0,0,1960.0,0
2.3,0,1,0,1,0,1960.0,0
2.3,0,0,0,0,0,1960.0,0
2.3,0,1,0,0,0,1960.0,1
2.3,0,1,1,0,0,1960.0,0
2.3,0,1,0,0,0,1960.0,0
2.3,0,1,0,0,1,1960.0,0
2.3,0,1,0,0,0,1960.0,0
2.3,0,0,0,0,0,1960.0,0
2.3,0,0,0,0,0,1960.0,0
2.3,0,0,0,0,0,1960.0,0
2.3,0,1,0,0,1,1960.0,1
2.3,0,0,0,0,0,1960.0,1
2.3,0,1,0,0,0,1960.0,0
2.3,0,1,0,0,1,1960.0,0
2.3,0,1,0,0,0,1960.0,0
2.3,0,0,0,0,0,1960.0,0
2.3,0,1,0,0,1,1960.0,1
2.3,0,1,0,0,0,1960.0,1
2.3,0,0,0,0,0,1960.0,0
2.3,0,1,0,0,0,1960.0,0
2.3,0,0,0,0,0,1960.0,0
2.3,0,1,0,0,0,1960.0,0
2.3,0,0,0,0,0,1960.0,0
2.3,0,1,0,0,1,1960.0,0
2.3,0,1,0,0,0,1960.0,0
2.3,0,0,0,0,0,1960.0,1
2.3,0,0,0,0,0,1960.0,0
2.3,0,0,0,0,0,1960.0,0
2.3,0,1,0,0,0,1960.0,0
2.3,0,0,0,0,0,1960.0,1
2.3,0,1,0,0,0,1960.0,0
2.3,0,1,0,0,0,1960.0,0
2.3,0,0,0,0,0,1960.0,0
2.3,0,1,0,1,1,1960.0,0
2.3,0,0,0,0,0,1960.0,0
2.3,0,1,1,0,0,1960.0,0
2.3,0,1,0,0,0,1960.0,0
2.3,0,1,1,0,0,1960.0,0
2.3,0,1,0,0,1,1960.0,0
2.3,0,1,0,0,1,1960.0,1
2.3,0,1,1,0,1,1960.0,1
2.3,0,0,0,0,1,1960.0,0
2.3,0,0,0,0,0,1960.0,1
2.3,0,1,0,0,1,1960.0,0
2.3,0,1,0,0,0,1960.0,1
2.3,0,1,0,0,0,1960.0,0
2.3,0,0,0,0,0,1960.0,0
2.3,0,1,1,0,0,1960.0,0
2.3,0,1,0,0,0,1960.0,1
2.3,0,1,0,0,0,1960.0,0
2.3,0,1,1,0,0,1960.0,0
2.3,0,1,1,0,1,1960.0,1
2.3,0,0,0,0,0,1960.0,1
2.3,0,0,0,0,0,1960.0,0
2.3,0,1,0,0,0,1960.0,0
2.3,0,1,0,0,0,1960.0,0
2.3,0,1,0,0,1,1960.0,0
2.3,0,1,0,0,1,1960.0,1
2.3,0,1,0,0,0,1960.0,0
2.3,0,0,0,0,0,1960.0,0
2.3,0,1,0,0,0,1960.0,0
2.3,0,1,0,0,0,1960.0,0
2.3,0,0,0,0,0,1960.0,0
2.3,0,0,0,0,0,1960.0,0
2.3,0,1,0,0,1,1960.0,0
2.3,0,1,0,0,1,1960.0,0
2.3,0,0,0,0,0,1960.0,0
2.3,0,1,0,0,0,1960.0,1
2.3,0,1,0,0,0,1960.0,1
2.3,0,0,0,0,0,1960.0,0
2.3,0,1,1,0,0,1960.0,0
2.3,0,1,0,0,0,1961.0,0
2.3,0,1,0,0,1,1961.0,0
2.3,0,0,0,0,1,1961.0,0
2.3,0,1,0,1,0,1961.0,0
2.3,0,0,0,0,0,1961.0,0
2.3,0,1,0,0,1,1961.0,0
2.3,0,0,0,0,0,1961.0,0
2.3,0,1,0,0,0,1961.0,0
2.3,0,1,0,0,1,1961.0,0
2.3,0,1,0,0,0,1961.0,0
2.3,0,1,0,0,0,1961.0,0
2.3,0,1,0,0,0,1961.0,0
2.3,0,0,0,0,0,1961.0,0
2.3,0,0,0,0,0,1961.0,0
2.3,0,1,0,0,0,1961.0,0
2.3,0,0,0,0,0,1961.0,1
2.3,0,1,0,0,0,1961.0,0
2.3,0,1,0,0,1,1961.0,0
2.3,1,0,0,0,0,1961.0,0
2.3,0,0,0,0,0,1961.0,0
2.3,0,1,0,0,0,1961.0,0
2.3,0,0,0,0,0,1961.0,1
2.3,0,1,0,0,0,1961.0,0
2.3,0,0,0,0,0,1961.0,0
2.3,0,1,0,0,0,1961.0,1
2.3,0,0,0,0,0,1961.0,1
2.3,0,0,0,0,0,1961.0,0
2.3,0,0,0,0,1,1961.0,0
2.3,0,0,0,0,0,1961.0,1
2.3,0,1,0,0,1,1961.0,0
2.3,0,0,0,0,0,1961.0,0
2.3,0,0,0,0,0,1961.0,0
2.3,0,1,0,0,0,1961.0,0
2.3,0,1,0,0,0,1961.0,0
2.3,0,1,0,0,1,1961.0,0
2.3,0,0,0,0,1,1961.0,1
2.3,0,1,0,0,1,1961.0,0
2.3,0,1,0,0,0,1961.0,0
2.3,0,1,0,0,1,1961.0,0
2.3,0,1,0,0,1,1961.0,0
2.3,0,1,0,0,1,1961.0,0
2.3,0,1,0,0,1,1961.0,0
2.3,0,1,0,0,0,1961.0,1
2.3,0,0,0,0,0,1961.0,0
2.3,0,1,0,0,1,1961.0,0
2.3,0,1,0,0,0,1961.0,0
2.3,0,0,0,0,0,1961.0,0
2.3,0,1,0,0,0,1961.0,0
2.3,0,1,0,0,1,1961.0,0
2.3,0,0,0,0,0,1961.0,0
2.3,0,1,0,0,1,1961.0,0
2.3,0,0,0,0,0,1961.0,1
2.3,0,1,0,0,0,1961.0,0
2.3,0,1,0,0,0,1961.0,1
2.3,0,1,0,0,1,1961.0,0
2.3,0,0,0,0,0,1961.0,0
2.3,0,1,0,0,0,1961.0,1
2.3,0,0,0,0,0,1961.0,1
2.3,0,1,1,0,1,1961.0,0
2.3,0,1,0,0,0,1961.0,0
2.3,0,0,0,0,1,1961.0,0
2.3,0,0,0,0,0,1961.0,1
2.3,0,0,0,0,0,1961.0,0
2.3,0,1,0,0,1,1961.0,0
2.3,0,1,0,0,0,1961.0,0
2.3,0,0,0,0,0,1961.0,0
2.3,0,1,1,0,1,1961.0,0
2.3,0,1,0,0,0,1961.0,0
2.3,0,0,0,0,0,1961.0,0
2.3,0,0,0,0,0,1961.0,0
2.3,0,1,0,0,0,1961.0,0
2.3,0,1,0,0,0,1961.0,1
2.3,0,0,0,0,0,1961.0,0
2.3,0,1,1,0,1,1961.0,0
2.3,0,0,0,0,0,1961.0,1
2.3,0,0,0,0,0,1961.0,0
2.3,0,1,0,0,0,1961.0,0
2.3,0,0,0,0,0,1961.0,0
2.3,0,1,0,0,0,1961.0,1
2.3,0,0,0,0,0,1961.0,0
2.3,0,0,0,0,0,1961.0,0
2.3,0,0,0,0,0,1961.0,0
2.3,0,1,0,0,1,1961.0,1
2.3,0,0,0,0,0,1961.0,1
2.3,0,0,0,0,0,1961.0,0
2.3,0,1,0,0,0,1961.0,1
2.3,0,1,0,0,0,1961.0,0
2.3,0,0,0,0,0,1961.0,0
2.3,0,0,0,0,0,1961.0,0
2.3,0,1,0,0,1,1961.0,0
2.3,0,0,0,0,0,1961.0,1
2.3,0,0,0,0,0,1961.0,0
2.3,0,1,0,0,1,1961.0,0
2.3,0,0,0,0,0,1961.0,0
2.3,0,1,0,0,0,1961.0,0
2.3,0,1,0,0,0,1961.0,1
2.3,0,1,0,0,1,1961.0,0
2.3,0,1,0,0,0,1961.0,1
2.3,0,1,0,0,1,1961.0,0
2.3,0,0,0,0,0,1961.0,0
2.3,0,1,0,1,0,1961.0,0
2.3,0,1,0,0,1,1961.0,0
2.3,0,1,0,0,1,1961.0,0
2.3,0,1,1,0,0,1962.0,0
2.3,0,1,0,0,1,1962.0,1
2.3,0,1,0,0,0,1962.0,0
2.3,0,1,0,0,0,1962.0,1
2.3,0,1,0,0,1,1962.0,0
2.3,0,1,0,0,0,1962.0,0
2.3,0,1,0,0,0,1962.0,1
2.3,0,1,0,0,1,1962.0,0
2.3,0,0,0,0,1,1962.0,1
2.3,2,1,0,0,0,1962.0,0
2.3,0,1,0,0,1,1962.0,0
2.3,0,1,0,0,1,1962.0,0
2.3,0,1,0,0,0,1962.0,1
2.3,0,1,0,0,1,1962.0,0
2.3,0,1,0,0,1,1962.0,0
2.3,0,1,0,0,0,1962.0,0
2.3,0,1,0,0,0,1962.0,0
2.3,0,1,0,0,1,1962.0,1
2.3,0,0,0,0,0,1962.0,1
2.3,0,0,0,0,0,1962.0,0
2.3,0,1,0,0,1,1962.0,1
2.3,0,1,0,0,1,1962.0,0
2.3,0,1,0,0,0,1962.0,0
2.3,0,1,0,0,1,1962.0,0
2.3,0,1,0,0,0,1962.0,0
2.3,0,1,0,0,0,1962.0,0
2.3,0,1,0,0,0,1962.0,0
2.3,0,0,0,0,1,1962.0,0
2.3,0,1,1,0,1,1962.0,1
2.3,0,1,0,0,0,1962.0,0
2.3,0,1,0,0,0,1962.0,0
2.3,0,1,0,0,1,1962.0,0
2.3,0,1,0,0,1,1962.0,0
2.3,0,0,0,0,0,1962.0,1
2.3,0,1,0,0,0,1962.0,0
2.3,0,1,0,0,0,1962.0,0
2.3,0,0,0,0,1,1962.0,0
2.3,0,0,0,0,1,1962.0,0
2.3,0,1,0,0,1,1962.0,0
2.3,0,0,0,0,0,1962.0,0
2.3,0,1,0,0,0,1962.0,0
2.3,0,0,0,0,0,1962.0,1
2.3,0,1,0,0,0,1962.0,0
2.3,0,1,0,0,0,1962.0,0
2.3,0,0,0,0,0,1962.0,0
2.3,0,1,0,0,1,1962.0,0
2.3,0,1,0,0,1,1962.0,1
2.3,0,1,0,0,0,1962.0,0
2.3,0,1,0,0,0,1962.0,1
2.3,0,0,0,0,0,1962.0,0
2.3,0,1,0,0,0,1962.0,0
2.3,0,1,0,0,1,1962.0,1
2.3,0,0,0,0,0,1962.0,0
2.3,0,1,0,0,0,1962.0,0
2.3,0,0,0,0,0,1962.0,1
2.3,0,1,0,0,0,1962.0,0
2.3,0,1,0,0,1,1962.0,0
2.3,0,0,0,0,0,1962.0,0
2.3,2,1,0,0,0,1962.0,0
2.3,0,1,0,0,0,1962.0,0
2.3,0,1,0,0,0,1962.0,0
2.3,0,1,0,1,0,1962.0,0
2.3,0,1,0,0,0,1962.0,0
2.3,0,0,0,0,0,1962.0,1
2.3,0,1,0,0,0,1962.0,1
2.3,0,1,0,0,0,1962.0,0
2.3,0,1,0,0,0,1962.0,1
2.3,0,1,0,0,0,1962.0,1
2.3,0,1,0,0,0,1962.0,0
2.3,0,1,0,0,0,1962.0,0
2.3,0,0,0,0,0,1962.0,0
2.3,0,0,0,0,0,1962.0,1
2.3,0,1,0,0,0,1962.0,0
2.3,0,0,0,0,0,1962.0,0
2.3,0,1,0,0,0,1962.0,0
2.3,0,1,0,1,1,1962.0,0
2.3,0,1,0,0,0,1962.0,0
2.3,0,1,0,0,0,1962.0,1
2.3,0,0,0,1,0,1962.0,0
2.3,0,1,0,0,0,1962.0,0
2.3,0,1,0,0,0,1962.0,1
2.3,0,1,0,0,1,1962.0,0
2.3,0,1,0,0,1,1962.0,1
2.3,0,0,0,0,1,1962.0,0
2.3,2,1,0,0,0,1962.0,0
2.3,0,1,0,0,0,1962.0,0
2.3,0,1,0,0,0,1962.0,0
2.3,0,1,0,0,0,1962.0,1
2.3,0,1,0,0,0,1962.0,1
2.3,0,0,0,0,0,1962.0,0
2.3,0,1,0,0,1,1962.0,1
2.3,0,1,0,0,0,1962.0,0
2.3,0,1,0,0,0,1963.0,0
2.3,0,1,0,0,0,1963.0,1
2.3,0,1,1,0,0,1963.0,0
2.3,0,1,1,0,0,1963.0,0
2.3,0,0,0,0,0,1963.0,0
2.3,0,1,0,0,0,1963.0,0
2.3,0,1,0,0,0,1963.0,0
2.3,0,1,1,0,0,1963.0,0
2.3,0,1,0,0,0,1963.0,0
2.3,0,1,0,0,0,1963.0,0
2.3,0,1,0,0,0,1963.0,1
2.3,0,1,0,0,1,1963.0,0
2.3,0,0,0,0,1,1963.0,1
2.3,0,0,0,0,1,1963.0,0
2.3,0,1,0,0,0,1963.0,0
2.3,0,1,1,0,1,1963.0,0
2.3,0,1,0,0,0,1963.0,0
2.3,0,1,0,0,1,1963.0,0
2.3,0,1,0,0,0,1963.0,0
2.3,0,0,0,0,1,1963.0,0
2.3,0,1,0,0,1,1963.0,0
2.3,0,1,0,0,0,1963.0,0
2.3,0,0,0,0,0,1963.0,0
2.3,0,1,0,0,1,1963.0,0
2.3,0,0,0,0,0,1963.0,0
2.3,0,0,0,0,1,1963.0,0
2.3,0,1,0,0,0,1963.0,0
2.3,0,1,0,0,1,1963.0,0
2.3,0,0,0,0,1,1963.0,0
2.3,0,1,0,0,1,1963.0,0
2.3,0,1,0,0,1,1963.0,0
2.3,0,1,0,0,0,1963.0,0
2.3,1,1,0,0,0,1963.0,0
2.3,0,1,0,0,1,1963.0,0
2.3,2,1,0,0,0,1963.0,1
2.3,0,0,0,0,1,1963.0,0
2.3,0,1,0,0,0,1963.0,0
2.3,0,1,0,0,1,1963.0,1
2.3,0,1,1,1,1,1963.0,0
2.3,0,1,0,0,0,1963.0,0
2.3,0,1,1,1,0,1963.0,0
2.3,0,1,0,0,1,1963.0,0
2.3,0,1,0,0,1,1963.0,0
2.3,0,1,0,0,0,1963.0,0
2.3,0,1,0,0,0,1963.0,0
2.3,0,1,1,0,0,1963.0,0
2.3,0,1,0,0,1,1963.0,0
2.3,0,1,1,0,0,1963.0,1
2.3,0,1,0,0,0,1963.0,0
2.3,0,1,0,0,1,1963.0,1
2.3,0,1,1,0,0,1963.0,0
2.3,0,1,1,0,0,1963.0,0
2.3,0,1,0,0,0,1963.0,0
2.3,0,1,0,0,1,1963.0,0
2.3,0,1,0,0,0,1963.0,0
2.3,0,1,0,0,0,1963.0,1
2.3,0,1,0,0,0,1963.0,0
2.3,0,0,0,0,0,1963.0,0
2.3,0,0,0,0,0,1963.0,0
2.3,0,1,0,0,0,1963.0,0
2.3,0,1,0,0,0,1963.0,0
2.3,0,1,0,0,1,1963.0,0
2.3,0,0,0,0,0,1963.0,0
2.3,0,0,0,0,0,1963.0,1
2.3,0,1,0,0,0,1963.0,1
2.3,0,1,0,0,0,1963.0,0
2.3,0,1,0,0,0,1963.0,0
2.3,0,1,0,0,0,1963.0,0
2.3,0,1,0,1,1,1963.0,0
2.3,0,0,0,0,1,1963.0,0
2.3,0,1,0,0,0,1963.0,0
2.3,0,0,0,0,0,1963.0,1
2.3,0,1,0,0,0,1963.0,0
2.3,0,1,0,0,1,1963.0,0
2.3,0,1,0,0,1,1963.0,0
2.3,0,1,0,0,1,1963.0,0
2.3,0,0,0,0,0,1963.0,0
2.3,0,1,0,0,0,1963.0,1
2.3,0,1,0,0,1,1963.0,0
2.3,2,1,0,1,0,1963.0,1
2.3,0,1,0,0,1,1963.0,0
2.3,0,1,0,0,0,1963.0,0
2.3,0,0,0,0,0,1963.0,0
2.3,0,1,0,0,0,1963.0,0
2.3,0,1,0,0,1,1963.0,0
2.3,0,1,0,0,1,1963.0,1
2.3,0,1,0,0,0,1963.0,0
2.3,0,1,0,0,1,1963.0,1
2.3,0,1,0,0,0,1963.0,0
2.3,0,1,0,0,1,1963.0,0
2.3,0,1,0,0,0,1963.0,1
2.3,0,0,0,0,1,1963.0,0
2.3,0,1,0,0,0,1963.0,0
2.3,0,1,0,0,0,1963.0,0
2.3,0,1,1,0,1,1963.0,0
2.3,0,1,0,0,1,1963.0,0
2.3,0,1,0,0,0,1963.0,0
2.3,0,1,0,0,1,1963.0,0
2.3,0,1,0,0,1,1963.0,0
2.3,0,1,0,0,0,1963.0,0
2.3,0,1,0,0,0,1963.0,0
2.3,0,1,1,0,1,1964.0,0
2.3,0,1,1,0,0,1964.0,0
2.3,0,1,0,0,1,1964.0,0
2.3,0,1,0,0,1,1964.0,0
2.3,0,1,0,0,1,1964.0,0
2.3,0,1,1,0,0,1964.0,0
2.3,0,1,1,0,0,1964.0,0
2.3,0,1,0,0,1,1964.0,0
2.3,0,1,0,0,0,1964.0,0
2.3,0,1,0,0,0,1964.0,0
2.3,0,0,0,0,1,1964.0,0
2.3,0,1,0,0,1,1964.0,0
2.3,0,1,0,0,0,1964.0,0
2.3,0,1,0,0,1,1964.0,0
2.3,0,1,1,0,0,1964.0,1
2.3,0,0,0,0,1,1964.0,0
2.3,0,1,0,0,1,1964.0,0
2.3,0,1,0,0,0,1964.0,0
2.3,0,1,0,0,0,1964.0,1
2.3,0,1,1,0,1,1964.0,1
2.3,0,1,0,0,0,1964.0,0
2.3,0,1,0,0,1,1964.0,0
2.3,0,1,0,1,0,1964.0,0
2.3,0,1,0,0,0,1964.0,0
2.3,0,1,0,1,0,1964.0,0
2.3,0,1,0,0,0,1964.0,0
2.3,0,1,1,0,0,1964.0,0
2.3,0,1,0,0,1,1964.0,0
2.3,0,0,0,0,0,1964.0,0
2.3,0,1,0,0,0,1964.0,0
2.3,0,1,0,0,1,1964.0,0
2.3,0,1,0,0,0,1964.0,0
2.3,0,1,0,0,1,1964.0,0
2.3,0,1,1,0,0,1964.0,1
2.3,0,0,0,0,1,1964.0,1
2.3,0,1,1,1,0,1964.0,0
2.3,0,1,0,0,0,1964.0,0
2.3,0,1,0,0,1,1964.0,0
2.3,0,0,0,0,0,1964.0,1
2.3,0,1,0,0,1,1964.0,0
2.3,0,1,0,0,0,1964.0,1
2.3,0,1,0,0,0,1964.0,0
2.3,0,0,0,0,0,1964.0,0
2.3,0,1,0,0,0,1964.0,0
2.3,0,1,0,0,0,1964.0,0
2.3,0,1,1,0,1,1964.0,0
2.3,0,0,0,0,0,1964.0,0
2.3,0,0,0,0,0,1964.0,1
2.3,0,1,0,0,0,1964.0,0
2.3,0,0,0,0,0,1964.0,1
2.3,0,1,1,0,0,1964.0,1
2.3,0,0,0,0,0,1964.0,0
2.3,0,1,1,0,0,1964.0,0
2.3,0,1,0,0,0,1964.0,0
2.3,0,1,0,0,1,1964.0,0
2.3,0,1,0,0,0,1964.0,0
2.3,0,1,0,0,0,1964.0,1
2.3,0,0,0,0,0,1964.0,0
2.3,0,1,0,0,0,1964.0,1
2.3,0,0,0,0,1,1964.0,0
2.3,0,1,0,0,0,1964.0,0
2.3,0,1,1,0,1,1964.0,0
2.3,0,0,0,0,0,1964.0,1
2.3,0,0,0,0,0,1964.0,0
2.3,0,1,0,0,0,1964.0,1
2.3,0,1,0,0,0,1964.0,1
2.3,0,1,0,0,1,1964.0,0
2.3,0,1,1,0,0,1964.0,0
2.3,0,0,0,0,1,1964.0,0
2.3,0,1,0,0,0,1964.0,0
2.3,0,1,0,0,0,1964.0,0
2.3,0,1,0,0,1,1964.0,1
2.3,0,1,0,0,0,1964.0,1
2.3,0,1,0,0,1,1964.0,0
2.3,2,1,0,0,0,1964.0,0
2.3,0,1,0,0,0,1964.0,0
2.3,0,1,0,0,1,1964.0,0
2.3,0,1,0,0,1,1964.0,0
2.3,0,0,0,0,1,1964.0,0
2.3,0,0,0,0,0,1964.0,0
2.3,0,1,0,0,0,1964.0,1
2.3,0,0,0,0,0,1964.0,0
2.3,0,1,0,0,1,1964.0,1
2.3,0,1,0,0,0,1964.0,1
2.3,0,1,0,0,1,1964.0,0
2.3,0,1,0,0,0,1964.0,1
2.3,0,0,0,0,0,1964.0,0
2.3,0,0,0,0,0,1964.0,0
2.3,0,0,0,0,1,1964.0,0
2.3,0,1,0,0,0,1964.0,0
2.3,0,1,0,0,1,1964.0,0
2.3,0,1,1,0,1,1964.0,0
2.3,0,1,0,0,0,1964.0,0
2.3,0,1,0,0,0,1964.0,0
2.3,0,0,0,0,0,1964.0,0
2.3,0,1,0,0,0,1964.0,0
2.3,0,1,0,0,1,1964.0,0
2.3,0,1,0,0,0,1964.0,0
2.3,0,1,1,0,0,1964.0,0
2.3,0,0,0,0,1,1964.0,0
2.3,0,1,1,0,0,1964.0,0
2.3,0,1,0,1,0,1964.0,0
2.3,0,1,0,0,1,1964.0,1
2.3,0,1,0,1,1,1964.0,0
2.3,0,0,0,0,0,1964.0,0
2.3,0,1,0,0,0,1964.0,0
2.3,0,1,0,0,1,1964.0,0
2.3,0,1,0,0,0,1964.0,0
2.3,0,1,0,0,0,1964.0,0
2.3,0,1,0,0,1,1964.0,1
2.3,0,1,0,0,1,1964.0,0
2.3,0,0,0,0,0,1965.0,0
2.3,0,1,0,0,0,1965.0,1
2.3,0,0,0,0,0,1965.0,1
2.3,0,0,0,0,0,1965.0,0
2.3,0,1,0,0,0,1965.0,0
2.3,0,0,0,0,0,1965.0,1
2.3,0,0,0,0,0,1965.0,0
2.3,0,1,0,0,1,1965.0,0
2.3,0,1,0,0,0,1965.0,0
2.3,0,1,1,0,0,1965.0,0
2.3,0,0,0,0,1,1965.0,0
2.3,0,1,0,0,1,1965.0,0
2.3,0,1,1,0,1,1965.0,1
2.3,0,1,0,0,1,1965.0,0
2.3,0,1,0,0,1,1965.0,0
2.3,0,1,0,0,1,1965.0,0
2.3,0,1,1,0,1,1965.0,0
2.3,0,0,0,0,0,1965.0,1
2.3,0,1,0,0,1,1965.0,0
2.3,0,1,0,0,1,1965.0,0
2.3,0,1,0,1,1,1965.0,0
2.3,0,1,0,0,0,1965.0,0
2.3,0,0,0,0,0,1965.0,1
2.3,0,1,0,0,1,1965.0,0
2.3,0,0,0,0,0,1965.0,0
2.3,0,0,0,0,1,1965.0,1
2.3,0,1,0,0,1,1965.0,0
2.3,0,0,0,0,1,1965.0,0
2.3,0,1,0,0,1,1965.0,0
2.3,0,0,0,0,0,1965.0,0
2.3,0,0,0,0,0,1965.0,0
2.3,0,1,1,0,1,1965.0,0
2.3,0,0,0,0,0,1965.0,1
2.3,0,0,0,1,0,1965.0,0
2.3,0,1,0,0,0,1965.0,0
2.3,0,1,0,1,0,1965.0,0
2.3,0,1,0,0,0,1965.0,0
2.3,0,1,0,0,1,1965.0,0
2.3,0,1,0,0,1,1965.0,1
2.3,0,0,0,0,0,1965.0,0
2.3,0,0,0,0,0,1965.0,0
2.3,0,1,0,0,0,1965.0,0
2.3,0,0,0,0,0,1965.0,0
2.3,0,1,0,0,1,1965.0,0
2.3,0,1,0,0,1,1965.0,1
2.3,3,0,0,0,1,1965.0,0
2.3,0,0,0,0,0,1965.0,0
2.3,0,1,1,0,1,1965.0,0
2.3,0,1,0,0,1,1965.0,0
2.3,0,1,0,0,0,1965.0,0
2.3,0,1,1,0,1,1965.0,0
2.3,0,1,0,0,0,1965.0,0
2.3,0,1,0,0,0,1965.0,0
2.3,0,0,0,0,1,1965.0,0
2.3,0,0,0,0,0,1965.0,0
2.3,0,1,0,0,1,1965.0,0
2.3,0,0,0,0,0,1965.0,0
2.3,0,0,0,0,0,1965.0,0
2.3,0,1,0,0,1,1965.0,0
2.3,0,0,0,0,1,1965.0,0
2.3,0,0,0,0,0,1965.0,0
2.3,0,1,0,0,1,1965.0,0
2.3,0,0,0,0,1,1965.0,0
2.3,0,1,0,0,0,1965.0,0
2.3,0,0,0,0,0,1965.0,0
2.3,0,0,0,0,0,1965.0,0
2.3,0,1,0,0,0,1965.0,0
2.3,0,1,1,0,1,1965.0,0
2.3,0,1,0,0,0,1965.0,0
2.3,2,1,0,0,1,1965.0,0
2.3,0,0,0,0,1,1965.0,0
2.3,0,1,0,0,1,1965.0,0
2.3,0,0,0,0,0,1965.0,1
2.3,0,0,0,0,1,1965.0,0
2.3,0,0,0,0,0,1965.0,0
2.3,0,0,0,0,0,1965.0,0
2.3,0,1,0,0,1,1965.0,1
2.3,0,1,1,0,1,1965.0,0
2.3,0,1,1,0,0,1965.0,1
2.3,0,1,0,0,0,1965.0,0
1.39,3,0,0,0,0,1965.0,0
2.3,0,1,0,0,1,1965.0,1
2.3,0,1,0,0,1,1965.0,0
2.3,0,1,0,0,0,1966.0,0
2.3,0,1,0,0,1,1966.0,0
2.3,0,0,0,0,0,1966.0,1
2.3,0,0,0,0,1,1966.0,0
2.3,0,1,0,0,0,1966.0,0
2.3,0,0,0,0,0,1966.0,0
2.3,0,0,0,0,0,1966.0,0
2.3,0,0,0,0,0,1966.0,0
2.3,0,1,0,0,1,1966.0,0
2.3,0,1,0,0,1,1966.0,0
2.3,0,1,0,0,1,1966.0,0
2.3,0,1,0,0,1,1966.0,0
2.3,0,1,0,0,1,1966.0,0
2.3,0,1,0,0,1,1966.0,0
2.3,0,0,0,0,0,1966.0,0
2.3,0,0,0,0,1,1966.0,1
2.3,0,1,0,0,1,1966.0,0
2.3,0,1,0,0,0,1966.0,0
2.3,0,0,0,0,0,1966.0,0
2.3,0,1,0,0,0,1966.0,0
2.3,0,0,0,0,0,1966.0,1
2.3,0,1,0,1,0,1966.0,0
2.3,0,1,0,0,0,1966.0,1
2.3,0,1,0,0,1,1966.0,0
2.3,2,1,0,0,1,1966.0,0
2.3,0,1,0,0,1,1966.0,0
2.3,0,1,1,0,1,1966.0,1
2.3,0,1,0,0,0,1966.0,0
1.79,6,1,0,0,1,1966.0,0
2.3,0,1,0,0,0,1966.0,0
2.3,0,1,0,0,0,1966.0,0
2.3,0,1,0,0,0,1966.0,0
2.3,0,0,0,0,0,1966.0,0
1.39,3,1,0,0,0,1966.0,0
2.3,0,1,0,0,0,1966.0,0
2.3,0,1,0,1,0,1966.0,0
2.3,0,1,0,0,1,1966.0,0
2.3,0,0,0,0,1,1966.0,0
2.3,0,1,0,0,0,1966.0,0
2.3,0,0,0,0,0,1966.0,0
2.3,0,0,0,0,0,1966.0,0
2.3,0,1,0,0,0,1966.0,1
2.3,0,1,0,0,0,1966.0,0
2.3,0,1,0,0,1,1966.0,0
2.3,0,1,0,0,1,1966.0,0
2.3,0,1,1,1,0,1966.0,0
2.3,0,1,0,0,0,1966.0,0
2.3,0,0,0,0,0,1966.0,0
2.3,0,1,0,0,0,1966.0,1
2.3,0,0,0,0,0,1966.0,0
2.3,0,0,0,0,0,1966.0,0
2.3,0,0,0,0,0,1966.0,0
2.3,0,1,0,0,0,1966.0,0
2.3,0,1,0,0,1,1966.0,0
2.3,0,0,0,0,0,1966.0,0
2.3,0,1,0,0,1,1966.0,0
2.3,0,0,0,0,0,1966.0,1
2.3,0,0,0,0,0,1966.0,0
2.3,0,1,1,0,0,1966.0,1
2.3,0,1,0,0,1,1966.0,0
2.3,0,0,0,0,0,1966.0,0
2.3,0,1,0,0,1,1966.0,0
2.3,0,0,0,0,0,1966.0,0
2.3,0,0,0,0,0,1966.0,0
2.3,0,0,0,0,0,1966.0,0
2.3,0,1,0,0,0,1966.0,1
2.3,0,1,0,0,0,1966.0,1
2.3,0,0,0,0,0,1966.0,0
2.3,0,1,0,0,1,1966.0,0
2.3,0,1,0,0,0,1966.0,0
2.3,0,0,0,0,1,1966.0,0
2.3,0,1,0,0,0,1966.0,0
2.3,0,1,0,0,0,1966.0,0
2.3,0,1,0,0,0,1966.0,0
2.3,0,0,0,0,1,1966.0,0
2.3,0,0,0,0,0,1966.0,0
2.3,0,0,0,0,0,1966.0,0
2.3,0,1,0,0,0,1966.0,1
2.3,0,1,1,0,1,1966.0,0
2.3,0,1,0,0,0,1966.0,0
2.3,0,1,0,0,0,1966.0,0
2.3,0,1,0,0,1,1966.0,0
2.3,0,0,0,0,0,1966.0,0
2.3,0,0,0,0,0,1966.0,0
2.3,0,0,0,0,0,1966.0,1
2.3,0,1,0,0,1,1966.0,0
2.3,0,1,0,0,0,1966.0,0
2.3,0,0,0,0,0,1966.0,1
2.3,0,1,0,1,0,1966.0,0
2.3,0,0,0,0,0,1966.0,0
2.3,0,1,0,0,0,1966.0,1
2.3,0,1,0,0,0,1966.0,0
2.3,0,1,0,0,0,1966.0,0
2.3,0,1,0,0,0,1966.0,0
2.3,0,0,0,0,0,1966.0,0
2.3,0,1,0,0,0,1966.0,0
2.3,0,0,0,0,0,1966.0,0
2.3,0,0,0,0,1,1966.0,0
1.39,3,1,0,0,0,1966.0,0
2.3,0,0,0,0,0,1966.0,0
2.3,0,0,0,0,0,1966.0,0
2.3,0,0,0,0,1,1966.0,1
2.3,0,1,0,0,0,1966.0,0
2.3,0,0,0,0,0,1966.0,0
2.3,0,0,0,0,1,1966.0,0
2.3,0,1,0,1,0,1966.0,0
2.3,0,0,0,0,0,1966.0,0
2.3,0,1,0,0,1,1966.0,0
2.3,0,1,0,0,1,1966.0,0
2.3,0,1,1,1,0,1966.0,0
2.3,0,1,0,0,0,1966.0,0
2.3,0,1,0,0,1,1966.0,0
2.3,0,1,0,0,0,1966.0,0
2.3,0,1,0,0,1,1966.0,1
2.3,0,1,0,0,0,1966.0,0
2.3,0,1,0,0,1,1966.0,1
2.3,0,1,0,0,0,1966.0,0
2.3,2,1,0,0,0,1966.0,0
2.3,0,0,0,0,0,1967.0,0
2.3,0,1,1,0,1,1967.0,0
2.3,0,1,1,1,0,1967.0,0
2.3,0,0,0,0,0,1967.0,0
2.3,0,0,0,0,1,1967.0,0
2.3,0,1,0,0,1,1967.0,0
2.3,0,1,0,0,0,1967.0,0
2.3,0,0,0,0,1,1967.0,0
2.3,0,1,0,0,0,1967.0,1
2.3,0,1,0,0,0,1967.0,1
2.3,0,0,0,0,0,1967.0,0
2.3,0,0,0,0,1,1967.0,0
2.3,0,0,0,0,1,1967.0,1
2.3,0,1,0,0,0,1967.0,0
0.69,3,1,0,0,0,1967.0,0
2.3,0,1,1,0,0,1967.0,0
2.3,0,1,0,0,1,1967.0,0
2.3,0,1,0,0,0,1967.0,0
2.3,0,1,0,0,0,1967.0,0
2.3,0,0,0,0,1,1967.0,0
2.3,0,1,0,0,1,1967.0,0
2.3,0,0,0,0,0,1967.0,0
2.3,0,0,0,0,0,1967.0,0
2.3,0,0,0,0,0,1967.0,0
2.3,2,1,0,0,1,1967.0,0
2.3,0,1,0,0,1,1967.0,0
2.3,0,1,0,0,0,1967.0,0
2.3,0,0,0,0,0,1967.0,0
2.3,0,1,0,0,0,1967.0,1
2.3,0,1,0,0,0,1967.0,1
2.3,0,1,0,0,1,1967.0,0
2.3,0,1,0,0,1,1967.0,0
2.3,0,0,0,0,1,1967.0,0
2.3,0,0,0,0,0,1967.0,0
2.3,0,0,0,0,0,1967.0,0
2.3,0,1,1,1,0,1967.0,0
2.3,0,1,0,0,0,1967.0,0
2.3,0,1,0,0,1,1967.0,1
2.3,0,1,0,0,0,1967.0,0
2.3,0,1,0,0,0,1967.0,0
2.3,0,0,0,0,0,1967.0,0
2.3,0,1,0,0,1,1967.0,0
2.3,0,1,0,0,1,1967.0,0
2.3,0,1,0,0,0,1967.0,0
2.3,0,1,0,0,1,1967.0,0
2.3,0,1,1,1,0,1967.0,0
2.3,0,0,0,0,0,1967.0,0
2.3,0,1,0,0,1,1967.0,1
2.3,0,1,0,0,0,1967.0,0
2.3,0,1,0,0,1,1967.0,0
2.3,0,1,0,0,0,1967.0,1
2.3,0,0,0,0,0,1967.0,0
2.3,0,1,0,0,0,1967.0,0
2.3,0,1,0,0,1,1967.0,0
2.3,0,0,0,0,1,1967.0,0
2.3,0,1,0,0,1,1967.0,0
2.3,0,1,0,0,0,1967.0,0
2.3,0,1,0,0,0,1967.0,0
2.3,0,1,0,0,0,1967.0,0
2.3,0,0,0,0,0,1967.0,0
2.3,4,0,0,0,0,1967.0,1
2.3,0,1,0,0,1,1967.0,0
2.3,0,1,0,0,0,1967.0,0
2.3,0,1,0,0,0,1967.0,0
2.3,0,1,0,0,0,1967.0,1
2.3,0,1,0,0,0,1967.0,0
2.3,0,1,0,0,0,1967.0,0
2.3,0,1,0,0,0,1967.0,0
2.3,0,1,0,0,0,1967.0,0
2.3,0,0,0,0,0,1967.0,0
2.3,0,0,0,0,0,1967.0,0
2.3,0,1,0,0,1,1967.0,0
2.3,0,1,0,0,0,1967.0,0
2.3,0,1,0,0,0,1967.0,0
2.3,0,1,0,0,1,1967.0,0
2.3,0,1,1,0,1,1967.0,0
2.3,0,0,0,0,0,1967.0,0
2.3,0,1,0,0,1,1967.0,0
2.3,0,1,0,0,1,1967.0,1
2.3,0,1,1,0,0,1967.0,0
2.3,4,0,0,0,0,1967.0,0
2.3,0,0,0,0,0,1967.0,0
2.3,0,1,0,0,0,1967.0,0
2.3,0,1,0,0,1,1967.0,0
2.3,0,1,0,0,1,1967.0,0
2.3,0,1,1,0,0,1967.0,1
2.3,0,1,0,0,1,1967.0,0
2.3,0,0,0,0,0,1967.0,0
2.3,0,1,0,1,0,1967.0,0
2.3,0,1,1,0,0,1967.0,0
2.3,0,1,0,0,0,1967.0,1
2.3,0,1,0,0,1,1967.0,0
2.3,0,1,0,0,0,1967.0,0
2.3,0,1,0,0,1,1967.0,0
2.3,0,0,0,0,0,1967.0,0
2.3,0,0,0,0,0,1967.0,0
2.3,0,1,0,0,0,1967.0,1
2.3,0,0,0,1,0,1967.0,1
2.3,0,1,0,0,1,1967.0,0
2.3,0,1,0,0,1,1967.0,1
2.3,0,1,0,0,0,1967.0,0
2.3,0,1,0,0,1,1967.0,0
2.3,0,0,0,0,0,1967.0,0
2.3,0,1,0,0,0,1967.0,0
2.3,0,1,0,0,0,1967.0,0
2.3,0,0,0,0,1,1967.0,1
2.3,0,0,0,0,1,1967.0,0
2.3,0,1,0,0,0,1967.0,1
2.3,0,1,0,0,0,1967.0,0
2.3,0,1,0,0,1,1967.0,0
2.3,0,0,0,0,0,1967.0,1
2.3,0,1,0,0,0,1967.0,1
2.3,0,1,1,0,0,1967.0,0
2.3,0,1,0,1,0,1967.0,0
2.3,0,1,0,0,0,1967.0,0
2.3,0,0,0,0,0,1968.0,0
2.3,0,1,0,0,0,1968.0,0
2.3,0,0,0,0,0,1968.0,0
2.3,0,0,0,0,0,1968.0,0
2.3,0,1,0,0,1,1968.0,0
2.3,0,0,0,0,0,1968.0,0
2.3,0,0,0,0,0,1968.0,0
2.3,0,0,0,0,0,1968.0,0
2.3,0,1,0,0,0,1968.0,1
2.3,0,1,0,0,0,1968.0,0
2.3,0,1,1,0,0,1968.0,0
2.3,0,1,0,0,0,1968.0,0
2.3,0,0,0,0,0,1968.0,0
2.3,0,0,0,0,0,1968.0,0
2.3,0,1,0,0,0,1968.0,0
2.3,0,0,0,0,0,1968.0,0
2.3,0,0,0,0,0,1968.0,0
2.3,0,1,0,0,0,1968.0,0
2.3,0,0,0,0,0,1968.0,1
2.3,0,1,0,0,0,1968.0,0
2.3,0,0,0,0,0,1968.0,0
2.3,0,1,1,0,0,1968.0,0
2.3,0,1,0,0,0,1968.0,0
2.3,0,1,1,0,0,1968.0,0
2.3,0,1,1,0,0,1968.0,0
2.3,0,1,0,0,1,1968.0,0
2.3,0,0,0,0,0,1968.0,0
2.3,0,1,1,0,0,1968.0,0
2.3,0,0,0,0,1,1968.0,1
2.3,0,1,0,0,0,1968.0,1
2.3,0,1,0,1,1,1968.0,0
1.79,6,0,0,0,1,1968.0,0
2.3,0,1,0,0,0,1968.0,0
2.3,0,1,0,1,0,1968.0,0
2.3,0,1,0,1,1,1968.0,0
2.3,0,1,1,0,0,1968.0,0
2.3,0,1,0,0,1,1968.0,0
2.3,0,1,0,0,0,1968.0,1
2.3,0,1,0,1,0,1968.0,0
1.79,6,0,0,0,1,1968.0,0
2.3,0,1,0,0,0,1968.0,0
2.3,0,1,0,0,0,1968.0,1
2.3,0,0,0,0,1,1968.0,1
2.3,0,1,0,0,1,1968.0,0
2.3,0,1,0,0,0,1968.0,1
2.3,0,1,0,0,0,1968.0,0
2.3,0,0,0,0,0,1968.0,0
2.3,0,1,1,0,0,1968.0,0
2.3,0,1,0,0,0,1968.0,0
2.3,6,1,0,0,0,1968.0,0
2.3,0,1,0,0,0,1968.0,0
2.3,0,1,0,0,0,1968.0,0
2.3,0,1,0,0,1,1968.0,0
2.3,0,1,0,0,0,1968.0,1
2.3,0,1,0,0,1,1968.0,0
2.3,0,0,0,0,0,1968.0,0
2.3,0,1,1,0,0,1968.0,0
2.3,0,1,0,0,0,1968.0,0
2.3,0,1,0,0,1,1968.0,0
2.3,0,0,0,0,0,1968.0,0
2.3,0,0,0,0,0,1968.0,1
2.3,0,0,0,0,0,1968.0,1
2.3,0,1,0,0,0,1968.0,0
2.3,0,0,0,0,0,1968.0,0
2.3,0,1,0,0,1,1968.0,0
2.3,0,1,0,0,0,1968.0,1
2.3,0,1,0,1,0,1968.0,0
2.3,0,0,0,0,0,1968.0,1
2.3,0,0,0,0,0,1968.0,0
2.3,0,1,0,0,1,1968.0,0
2.3,0,0,0,0,0,1968.0,0
2.3,6,1,0,0,0,1968.0,0
2.3,0,1,0,0,0,1968.0,1
2.3,0,0,0,0,0,1968.0,0
2.3,0,1,0,0,0,1968.0,0
2.3,0,1,1,0,1,1968.0,1
2.3,0,1,0,0,0,1968.0,0
2.3,0,1,1,0,1,1968.0,0
2.3,0,1,0,0,1,1968.0,0
2.3,0,0,0,0,0,1968.0,0
2.3,0,1,0,1,0,1968.0,0
2.3,0,1,0,0,0,1968.0,0
2.3,0,0,0,0,0,1968.0,0
2.3,0,1,0,0,1,1968.0,1
2.3,3,1,0,0,1,1968.0,0
2.3,0,1,0,0,0,1968.0,0
2.3,0,0,0,0,0,1968.0,0
2.3,0,1,0,0,0,1968.0,0
2.3,0,0,0,0,0,1968.0,0
2.3,0,1,1,0,0,1968.0,0
2.3,0,1,0,0,0,1968.0,0
2.3,0,0,0,0,0,1968.0,0
2.3,0,1,0,0,0,1968.0,0
2.3,0,1,0,0,0,1968.0,0
2.3,0,1,0,0,1,1968.0,0
2.3,0,0,0,0,1,1968.0,0
2.3,0,1,0,0,1,1968.0,0
2.3,0,1,0,0,0,1968.0,0
2.3,0,0,0,0,0,1968.0,0
2.3,0,1,0,0,1,1968.0,0
2.3,0,0,0,0,0,1968.0,0
2.3,0,0,0,0,1,1968.0,1
2.3,0,0,0,0,0,1968.0,0
2.3,0,0,0,0,0,1968.0,0
2.3,0,1,0,0,1,1968.0,1
2.3,0,0,0,0,0,1968.0,0
2.3,0,1,0,0,1,1968.0,0
2.3,0,0,0,0,0,1968.0,0
2.3,0,0,0,0,1,1968.0,0
2.3,0,1,1,1,0,1968.0,0
2.3,0,0,0,0,1,1968.0,0
2.3,0,0,0,0,1,1968.0,0
2.3,0,1,0,0,0,1968.0,0
2.3,0,1,0,0,1,1968.0,0
2.3,0,1,0,0,0,1968.0,0
2.3,0,1,0,0,1,1968.0,0
2.3,0,1,0,0,1,1969.0,0
2.3,0,1,0,0,1,1969.0,0
2.3,0,1,0,0,1,1969.0,0
2.3,0,1,0,0,1,1969.0,1
2.3,0,1,0,0,0,1969.0,0
2.3,0,1,1,0,0,1969.0,1
2.3,0,0,0,0,0,1969.0,0
2.3,0,1,0,0,0,1969.0,0
2.3,0,1,0,0,1,1969.0,0
2.3,0,1,0,0,1,1969.0,0
2.3,0,1,0,0,0,1969.0,0
2.3,0,0,0,0,0,1969.0,0
2.3,0,0,0,0,1,1969.0,0
2.3,0,1,0,0,1,1969.0,0
2.3,0,0,0,0,0,1969.0,0
2.3,0,0,0,0,1,1969.0,0
2.3,0,1,1,1,1,1969.0,0
2.3,0,1,0,0,0,1969.0,1
2.3,0,0,0,0,0,1969.0,0
2.3,0,1,0,0,1,1969.0,1
2.3,0,1,0,0,1,1969.0,0
2.3,0,0,0,0,0,1969.0,0
2.3,0,0,0,0,1,1969.0,0
2.3,0,0,0,0,0,1969.0,0
2.3,0,0,0,0,0,1969.0,0
2.3,0,0,0,0,0,1969.0,0
2.3,0,1,0,0,1,1969.0,0
2.3,0,1,0,0,1,1969.0,0
2.3,0,1,0,0,0,1969.0,0
2.3,0,0,0,0,0,1969.0,1
2.3,0,1,0,0,0,1969.0,0
2.3,0,0,0,0,1,1969.0,0
2.3,0,1,0,0,0,1969.0,0
2.3,0,1,0,0,0,1969.0,1
2.3,0,1,0,0,1,1969.0,0
2.3,0,1,1,0,0,1969.0,1
2.3,0,1,1,0,0,1969.0,0
2.3,0,1,0,0,1,1969.0,0
2.3,0,1,0,0,0,1969.0,0
2.3,0,1,0,0,0,1969.0,0
2.3,0,1,0,0,0,1969.0,0
2.3,0,1,1,0,1,1969.0,0
2.3,0,1,0,0,1,1969.0,1
2.3,0,0,0,0,1,1969.0,0
2.3,0,0,0,0,1,1969.0,0
2.3,0,1,0,1,0,1969.0,0
2.3,3,0,0,0,0,1969.0,0
2.3,0,1,0,0,0,1969.0,0
2.3,0,1,0,0,0,1969.0,0
2.3,0,0,0,0,0,1969.0,0
2.3,0,1,0,0,0,1969.0,0
2.3,0,0,0,0,0,1969.0,0
2.3,0,1,0,0,1,1969.0,1
2.3,0,0,0,0,0,1969.0,0
2.3,0,0,0,0,0,1969.0,0
2.3,0,1,0,0,0,1969.0,1
2.3,0,1,0,1,0,1969.0,0
2.3,0,1,0,0,1,1969.0,0
2.3,0,1,0,0,0,1969.0,0
2.3,0,0,0,0,1,1969.0,0
2.3,0,1,0,0,1,1969.0,0
2.3,0,1,1,0,0,1969.0,1
2.3,0,1,1,1,0,1969.0,0
2.3,0,1,0,0,1,1969.0,0
2.3,0,0,0,0,1,1969.0,0
2.3,0,1,0,0,1,1969.0,0
2.3,0,1,1,0,0,1969.0,0
2.3,0,1,0,0,0,1969.0,1
2.3,0,1,0,0,0,1969.0,0
2.3,0,0,0,0,0,1969.0,0
2.3,0,1,1,0,0,1969.0,0
2.3,0,1,0,0,0,1969.0,0
2.3,0,1,1,0,0,1969.0,1
2.3,0,0,0,0,1,1969.0,0
2.3,0,1,1,0,1,1969.0,1
2.3,0,1,0,0,0,1969.0,0
2.3,2,1,0,0,0,1969.0,0
2.3,0,1,0,0,0,1969.0,0
2.3,0,1,0,0,1,1969.0,0
2.3,0,1,1,0,0,1969.0,1
2.3,0,1,0,0,0,1969.0,0
2.3,0,1,0,0,0,1969.0,0
2.3,0,1,0,0,0,1969.0,0
2.3,0,1,0,0,1,1969.0,0
2.3,0,1,1,0,0,1969.0,0
2.3,0,0,0,0,0,1969.0,0
2.3,0,1,0,0,1,1969.0,0
2.3,0,1,0,0,0,1969.0,0
2.3,0,0,0,0,1,1969.0,0
2.3,0,1,0,0,0,1969.0,0
2.3,0,1,0,0,0,1969.0,0
2.3,0,0,0,0,0,1969.0,0
2.3,0,1,1,0,0,1969.0,1
2.3,0,0,0,0,1,1969.0,0
2.3,0,1,0,0,0,1969.0,1
2.3,0,1,0,0,0,1969.0,0
2.3,0,0,0,0,1,1969.0,0
2.3,0,1,0,0,0,1969.0,1
2.3,0,1,0,0,1,1969.0,0
2.3,0,1,0,0,0,1969.0,0
2.3,0,0,0,0,0,1969.0,0
2.3,0,1,0,0,1,1969.0,0
2.3,0,1,0,0,1,1969.0,0
2.3,0,0,0,0,1,1969.0,0
2.3,0,0,0,0,0,1969.0,0
2.3,0,1,0,0,0,1969.0,0
2.3,0,1,0,0,0,1969.0,0
2.3,0,0,0,0,1,1969.0,0
2.3,0,0,0,0,0,1969.0,0
2.3,0,1,0,0,0,1969.0,1
2.3,0,0,0,0,1,1969.0,0
2.3,0,1,0,0,1,1969.0,0
2.3,0,0,0,0,0,1969.0,0
2.3,0,0,0,0,1,1970.0,0
2.3,0,1,0,0,0,1970.0,1
2.3,0,1,0,0,1,1970.0,1
2.3,0,0,0,0,1,1970.0,0
2.3,0,1,0,0,0,1970.0,1
2.3,0,1,0,0,0,1970.0,0
2.3,0,1,0,0,1,1970.0,0
2.3,0,1,0,0,0,1970.0,1
2.3,0,1,0,0,0,1970.0,0
2.3,0,1,0,0,0,1970.0,0
2.3,0,1,0,0,0,1970.0,0
2.3,0,1,0,0,1,1970.0,0
2.3,0,1,0,1,1,1970.0,0
2.3,0,0,0,0,0,1970.0,0
2.3,0,1,1,0,0,1970.0,0
2.3,0,1,0,0,0,1970.0,0
2.3,0,0,0,0,0,1970.0,0
2.3,0,1,1,0,0,1970.0,0
2.3,0,1,1,0,0,1970.0,0
2.3,0,0,0,0,1,1970.0,0
2.3,0,1,0,0,1,1970.0,0
2.3,0,0,0,0,1,1970.0,0
2.3,0,0,0,0,0,1970.0,0
2.3,0,1,0,0,0,1970.0,0
2.3,0,0,0,0,0,1970.0,0
2.3,0,0,0,0,0,1970.0,0
2.3,0,0,0,0,0,1970.0,0
2.3,0,1,1,0,1,1970.0,0
2.3,0,0,0,0,0,1970.0,0
2.3,0,1,1,0,0,1970.0,0
2.3,0,0,0,0,1,1970.0,0
2.3,0,0,0,0,0,1970.0,0
2.3,0,1,0,0,1,1970.0,0
2.3,0,1,0,0,1,1970.0,0
2.3,0,0,0,0,0,1970.0,0
2.3,0,1,0,0,1,1970.0,0
2.3,0,1,1,0,0,1970.0,0
2.3,0,1,1,0,0,1970.0,0
2.3,0,1,0,0,1,1970.0,0
2.3,0,0,0,0,0,1970.0,0
2.3,0,0,1,0,0,1970.0,0
2.3,0,1,0,0,0,1970.0,0
2.3,0,0,0,0,1,1970.0,1
2.3,0,0,0,0,0,1970.0,1
2.3,0,1,0,0,1,1970.0,0
2.3,0,1,0,0,1,1970.0,0
2.3,0,1,0,0,0,1970.0,1
2.3,0,1,0,0,1,1970.0,0
2.3,0,1,0,0,1,1970.0,1
2.3,0,1,0,0,0,1970.0,0
2.3,0,1,0,0,0,1970.0,0
2.3,0,0,0,0,1,1970.0,0
2.3,0,0,0,0,0,1970.0,0
2.3,0,0,0,0,1,1970.0,0
2.3,0,0,0,0,1,1970.0,0
2.3,0,1,0,0,0,1970.0,0
2.3,0,0,0,0,1,1970.0,0
2.3,0,0,0,0,0,1970.0,1
2.3,0,0,0,0,1,1970.0,0
2.3,0,0,0,0,0,1970.0,0
2.3,0,0,1,0,0,1970.0,0
2.3,0,1,0,0,0,1970.0,0
2.3,0,1,0,0,0,1970.0,0
2.3,0,0,0,0,0,1970.0,0
2.3,0,1,1,0,1,1970.0,0
2.3,0,0,0,0,0,1970.0,0
2.3,0,0,0,0,1,1970.0,0
2.3,0,0,0,0,1,1970.0,0
2.3,0,0,0,0,0,1970.0,0
2.3,0,1,0,0,0,1970.0,1
2.3,0,1,0,0,0,1970.0,0
2.3,0,1,0,0,0,1970.0,0
2.3,0,0,0,0,0,1970.0,0
2.3,0,1,0,0,0,1970.0,1
2.3,0,0,0,0,0,1970.0,0
2.3,0,1,0,0,0,1970.0,1
2.3,0,1,0,0,1,1970.0,0
2.3,0,1,0,0,0,1970.0,0
2.3,0,0,0,0,1,1970.0,0
2.3,0,0,0,0,0,1970.0,0
2.3,0,1,0,0,0,1970.0,1
2.3,0,1,0,0,0,1970.0,1
2.3,0,1,0,0,1,1970.0,0
2.3,0,1,0,0,0,1970.0,1
2.3,0,0,0,0,0,1970.0,0
2.3,0,0,0,1,0,1970.0,0
2.3,0,0,0,0,1,1970.0,0
2.3,0,0,0,0,0,1970.0,0
2.3,0,1,0,0,0,1970.0,0
2.3,0,0,0,0,0,1970.0,0
2.3,0,0,0,0,0,1970.0,0
2.3,0,1,0,0,0,1970.0,0
2.3,0,1,0,0,0,1971.0,0
2.3,0,1,0,0,1,1971.0,0
2.3,0,0,0,0,0,1971.0,0
2.3,0,1,0,0,0,1971.0,0
2.3,0,0,1,0,0,1971.0,0
2.3,0,0,0,0,0,1971.0,0
2.3,0,1,0,0,1,1971.0,0
2.3,0,1,0,0,0,1971.0,1
2.3,0,1,0,0,0,1971.0,0
2.3,0,1,0,0,1,1971.0,0
2.3,0,1,0,0,0,1971.0,0
2.3,0,0,0,0,1,1971.0,0
2.3,0,0,0,0,0,1971.0,0
2.3,0,1,0,0,1,1971.0,0
2.3,0,0,0,0,0,1971.0,0
2.3,0,0,0,0,0,1971.0,0
2.3,0,0,0,0,0,1971.0,0
2.3,0,0,0,0,1,1971.0,0
2.3,0,1,0,0,0,1971.0,0
2.3,0,0,0,0,1,1971.0,0
2.3,0,0,0,0,0,1971.0,0
2.3,0,0,0,0,0,1971.0,0
2.3,0,0,0,0,0,1971.0,0
2.3,0,1,0,0,0,1971.0,1
2.3,0,1,0,0,1,1971.0,0
2.3,0,0,0,0,0,1971.0,0
2.3,0,1,0,0,0,1971.0,1
2.3,0,1,0,0,1,1971.0,0
2.3,0,0,0,0,0,1971.0,0
2.3,0,0,0,0,0,1971.0,0
2.3,0,1,0,0,1,1971.0,0
2.3,0,1,0,0,1,1971.0,0
2.3,0,1,1,1,0,1971.0,0
2.3,0,1,1,0,0,1971.0,0
2.3,0,1,0,0,1,1971.0,1
2.3,0,0,0,0,1,1971.0,0
2.3,0,0,0,0,0,1971.0,0
2.3,0,1,0,0,1,1971.0,0
2.3,0,1,0,0,0,1971.0,1
2.3,0,0,0,0,0,1971.0,0
2.3,0,0,0,0,1,1971.0,0
2.3,0,0,0,0,1,1971.0,0
2.3,0,0,0,0,1,1971.0,0
2.3,0,1,0,0,0,1971.0,0
2.3,0,0,0,0,0,1971.0,0
2.3,0,0,0,0,0,1971.0,0
2.3,0,1,1,0,1,1971.0,0
2.3,0,1,0,1,1,1971.0,0
2.3,0,0,0,0,0,1971.0,0
2.3,0,1,1,0,1,1971.0,0
2.3,0,1,0,0,1,1971.0,0
2.3,0,0,0,0,0,1971.0,0
2.3,0,0,0,0,1,1971.0,0
2.3,0,0,0,0,0,1971.0,0
2.3,0,0,0,0,0,1971.0,0
2.3,0,0,0,0,0,1971.0,0
2.3,0,0,0,0,0,1971.0,0
2.3,0,1,0,0,0,1971.0,0
2.3,0,1,1,0,1,1971.0,0
2.3,0,1,0,0,1,1971.0,0
2.3,0,0,0,0,1,1971.0,1
2.3,0,0,0,0,0,1971.0,0
2.3,0,0,0,0,1,1971.0,0
2.3,0,1,0,0,0,1971.0,0
2.3,0,0,0,0,0,1971.0,0
2.3,0,1,1,0,1,1971.0,0
2.3,3,1,1,0,1,1971.0,0
2.3,0,0,0,0,0,1971.0,0
2.3,0,0,0,0,1,1971.0,0
2.3,0,1,0,0,1,1971.0,0
2.3,1,1,0,0,0,1971.0,0
2.3,1,1,0,0,0,1971.0,0
2.3,0,0,0,0,0,1971.0,0
2.3,0,1,0,0,0,1971.0,1
2.3,0,1,0,0,0,1971.0,0
2.3,0,0,0,0,0,1971.0,0
2.3,0,0,0,0,0,1971.0,0
2.3,0,1,0,0,1,1971.0,0
2.3,0,1,0,0,0,1971.0,1
2.3,0,1,0,0,1,1971.0,0
2.3,0,0,0,0,0,1971.0,0
2.3,0,0,0,0,1,1971.0,0
2.3,3,1,1,0,1,1971.0,0
2.3,0,0,0,0,1,1971.0,0
2.3,0,0,0,0,0,1971.0,0
2.3,0,0,0,0,0,1971.0,1
2.3,0,0,0,0,0,1971.0,0
2.3,0,0,0,0,0,1971.0,0
2.3,0,1,0,0,0,1971.0,0
2.3,0,0,1,0,0,1971.0,0
2.3,0,0,0,0,0,1971.0,0
2.3,0,0,0,0,0,1971.0,0
2.3,0,0,0,0,0,1971.0,0
2.3,0,0,0,0,0,1971.0,0
2.3,0,0,0,0,1,1971.0,0
2.3,0,0,0,0,0,1971.0,0
2.3,0,1,1,0,0,1971.0,0
2.3,0,1,0,0,0,1971.0,0
2.3,1,0,0,0,0,1971.0,0
2.3,0,1,1,0,0,1971.0,1
2.3,0,0,0,0,0,1971.0,1
2.3,0,0,0,0,0,1971.0,1
2.3,0,1,1,0,1,1971.0,1
2.3,0,0,0,0,0,1971.0,0
2.3,0,0,0,0,0,1971.0,0
2.3,0,0,0,0,0,1971.0,1
2.3,0,0,0,0,0,1971.0,0
2.3,0,1,0,0,0,1971.0,0
2.3,0,0,0,0,0,1971.0,0
2.3,0,0,0,0,0,1971.0,0
2.3,0,1,0,0,0,1971.0,0
2.3,0,0,0,0,1,1971.0,1
2.3,0,1,1,0,1,1971.0,0
2.3,0,1,0,0,0,1971.0,0
2.3,0,1,0,1,1,1971.0,0
2.3,0,0,0,0,0,1971.0,0
2.3,0,1,1,0,0,1971.0,1
2.3,0,1,0,0,0,1971.0,0
2.3,0,0,0,0,1,1971.0,0
2.3,0,0,0,0,0,1971.0,0
2.3,0,1,1,0,1,1971.0,0
2.3,0,1,1,0,1,1971.0,0
2.3,0,0,0,0,0,1971.0,0
2.3,0,0,0,0,0,1971.0,0
2.3,0,1,1,0,0,1971.0,0
2.3,0,1,1,0,1,1971.0,0
2.3,0,0,0,0,0,1971.0,0
2.3,0,1,0,0,1,1971.0,0
2.3,0,0,0,0,0,1971.0,0
2.3,1,1,0,0,1,1971.0,1
2.3,0,0,0,0,0,1971.0,0
2.3,0,0,0,0,0,1971.0,0
2.3,0,0,0,0,0,1971.0,0
2.3,0,0,0,0,0,1971.0,0
2.3,0,1,1,0,1,1971.0,0
2.3,0,0,0,0,0,1972.0,0
2.3,0,0,0,0,1,1972.0,0
2.3,0,1,0,0,1,1972.0,0
2.3,0,0,0,0,0,1972.0,0
2.3,0,1,0,0,1,1972.0,0
2.3,0,0,0,0,0,1972.0,0
2.3,0,1,1,0,1,1972.0,1
2.3,0,1,0,0,0,1972.0,0
2.3,0,1,0,0,0,1972.0,0
2.3,0,0,0,0,0,1972.0,0
2.3,0,1,0,0,1,1972.0,1
2.3,0,1,1,0,0,1972.0,0
2.3,0,1,1,0,0,1972.0,0
2.3,0,1,0,0,1,1972.0,1
2.3,0,0,0,0,0,1972.0,0
2.3,0,1,1,0,1,1972.0,0
2.3,0,0,0,0,0,1972.0,0
2.3,0,1,1,0,0,1972.0,1
2.3,0,0,0,0,1,1972.0,0
2.3,0,0,0,0,0,1972.0,0
2.3,0,0,0,0,0,1972.0,1
2.3,0,0,0,0,1,1972.0,0
2.3,0,1,1,0,1,1972.0,0
2.3,0,1,0,0,0,1972.0,0
2.3,0,1,0,0,0,1972.0,0
2.3,0,0,0,0,0,1972.0,0
2.3,2,0,0,0,0,1972.0,1
2.3,0,1,0,0,1,1972.0,1
2.3,0,1,0,0,1,1972.0,0
2.3,0,1,0,0,0,1972.0,0
2.3,0,0,0,0,1,1972.0,0
2.3,0,0,0,0,1,1972.0,0
2.3,0,0,0,0,0,1972.0,0
2.3,0,1,0,0,0,1972.0,0
2.3,0,0,0,0,1,1972.0,0
2.3,0,1,1,0,0,1972.0,0
2.3,0,0,0,0,0,1972.0,1
2.3,0,0,0,0,0,1972.0,0
2.3,0,0,0,0,0,1972.0,0
2.3,0,1,0,0,0,1972.0,0
2.3,0,1,0,0,1,1972.0,0
2.3,0,1,0,0,1,1972.0,0
2.3,0,1,0,0,1,1972.0,0
2.3,0,1,1,0,0,1972.0,0
2.3,0,1,0,0,1,1972.0,0
2.3,0,1,1,0,0,1972.0,1
2.3,0,1,1,0,0,1972.0,1
2.3,0,0,0,0,0,1972.0,0
2.3,0,1,0,0,1,1972.0,0
2.3,0,0,0,0,0,1972.0,0
2.3,0,0,0,0,0,1972.0,0
2.3,0,1,1,0,1,1972.0,0
2.3,0,0,0,0,1,1972.0,0
2.3,0,1,1,0,0,1972.0,0
2.3,0,0,0,0,0,1972.0,0
2.3,0,0,0,0,0,1972.0,1
2.3,0,1,1,0,0,1972.0,0
2.3,0,0,0,0,0,1972.0,1
2.3,0,0,0,0,0,1972.0,0
2.3,0,0,0,0,0,1972.0,0
2.3,0,0,0,0,1,1972.0,0
2.3,0,1,0,0,1,1972.0,1
2.3,0,1,0,0,0,1972.0,0
2.3,0,1,1,0,0,1972.0,0
2.3,0,1,0,0,1,1972.0,1
2.3,0,0,0,0,0,1972.0,1
2.3,0,1,0,0,1,1972.0,0
2.3,0,0,0,0,0,1972.0,1
2.3,0,1,0,0,0,1972.0,0
2.3,0,0,0,0,0,1972.0,0
2.3,0,1,0,0,1,1972.0,0
2.3,0,0,0,0,0,1972.0,0
2.3,0,0,0,0,0,1972.0,1
2.3,0,0,0,0,0,1972.0,1
2.3,0,1,0,0,1,1972.0,0
2.3,0,0,0,0,0,1972.0,0
2.3,0,1,1,0,1,1972.0,0
2.3,0,0,0,0,1,1972.0,0
2.3,0,0,0,0,0,1972.0,0
2.3,0,0,0,0,0,1972.0,1
2.3,0,0,0,0,0,1972.0,0
2.3,0,1,0,0,1,1972.0,0
2.3,0,0,0,0,0,1972.0,1
2.3,0,1,1,0,0,1972.0,0
2.3,0,0,0,0,0,1972.0,0
1.79,5,1,0,0,0,1972.0,0
2.3,0,0,0,0,1,1972.0,0
2.3,0,1,0,0,1,1972.0,1
2.3,0,1,0,0,0,1972.0,0
2.3,0,0,0,0,0,1972.0,0
2.3,0,0,0,0,0,1972.0,0
2.3,1,0,0,0,0,1972.0,0
2.3,0,1,0,0,1,1972.0,0
2.3,0,0,0,0,0,1972.0,0
2.3,0,1,0,0,0,1972.0,0
2.3,0,1,1,0,1,1972.0,0
2.3,0,1,0,0,1,1972.0,0
2.3,0,0,0,1,1,1972.0,0
2.3,0,0,0,0,0,1972.0,0
2.3,0,0,0,0,0,1972.0,0
2.3,0,0,0,0,0,1972.0,0
2.3,0,1,0,0,1,1972.0,0
2.3,0,0,0,0,0,1972.0,0
2.3,0,0,0,0,0,1972.0,0
2.3,0,1,0,0,0,1972.0,0
2.3,0,0,0,0,1,1972.0,0
2.3,0,0,0,0,0,1972.0,1
2.3,0,0,0,0,0,1972.0,0
2.3,0,0,0,0,0,1972.0,0
2.3,0,0,0,0,0,1972.0,0
2.3,0,0,0,0,0,1972.0,1
2.3,0,0,0,0,0,1972.0,0
2.3,0,1,0,0,1,1972.0,0
2.3,0,0,0,0,0,1972.0,0
2.3,0,1,0,0,1,1972.0,0
2.3,0,1,0,0,1,1972.0,1
2.3,0,1,1,0,1,1972.0,0
2.3,0,1,0,0,1,1972.0,0
2.3,0,0,0,1,0,1972.0,0
2.3,0,1,0,0,1,1972.0,0
2.3,0,1,0,0,1,1972.0,0
2.3,0,0,0,0,0,1972.0,0
2.3,0,0,0,0,0,1972.0,1
2.3,0,1,1,0,0,1972.0,0
2.3,0,0,0,0,0,1972.0,0
2.3,0,0,0,0,0,1972.0,0
2.3,0,0,0,0,0,1972.0,0
2.3,0,0,0,0,0,1972.0,0
2.3,0,0,0,0,1,1972.0,1
2.3,0,0,0,0,0,1972.0,1
2.3,0,0,0,0,0,1972.0,0
2.3,0,1,0,0,0,1972.0,0
2.3,0,1,1,0,1,1972.0,0
2.3,0,1,0,0,1,1972.0,0
2.3,0,0,0,0,0,1972.0,0
2.3,0,0,0,0,0,1973.0,0
2.3,0,1,1,0,0,1973.0,1
2.3,0,1,0,0,0,1973.0,0
2.3,0,0,0,0,0,1973.0,0
2.3,0,1,0,0,0,1973.0,0
2.3,0,0,0,0,0,1973.0,0
2.3,0,0,0,0,0,1973.0,0
2.3,0,0,0,0,0,1973.0,1
2.3,0,0,0,0,0,1973.0,1
2.3,0,0,0,0,0,1973.0,1
2.3,0,0,0,0,0,1973.0,1
2.3,0,0,0,0,0,1973.0,0
2.3,0,0,0,0,0,1973.0,1
2.3,0,1,1,0,0,1973.0,0
2.3,0,1,1,0,0,1973.0,1
2.3,0,1,0,0,1,1973.0,0
2.3,0,1,1,0,0,1973.0,1
2.3,0,0,0,0,1,1973.0,0
2.3,0,1,0,0,1,1973.0,0
2.3,0,0,0,0,0,1973.0,0
2.3,0,0,0,0,0,1973.0,1
2.3,0,1,0,0,1,1973.0,0
2.3,0,0,0,0,0,1973.0,0
2.3,0,1,1,0,0,1973.0,0
2.3,0,0,0,0,0,1973.0,0
2.3,5,1,0,0,0,1973.0,0
2.3,0,0,0,0,0,1973.0,0
2.3,0,0,0,0,0,1973.0,1
2.3,0,0,0,0,0,1973.0,0
2.3,0,1,1,0,1,1973.0,0
2.3,0,0,0,0,0,1973.0,0
2.3,1,0,0,0,0,1973.0,1
2.3,0,1,0,0,0,1973.0,1
2.3,0,1,0,0,1,1973.0,0
2.3,0,1,0,0,0,1973.0,0
2.3,0,0,0,0,0,1973.0,1
2.3,0,0,0,0,0,1973.0,0
2.3,0,1,0,0,0,1973.0,0
2.3,0,1,1,0,0,1973.0,1
2.3,0,0,0,0,0,1973.0,0
2.3,0,1,0,0,0,1973.0,0
2.3,0,0,0,0,0,1973.0,0
2.3,0,0,0,0,1,1973.0,1
2.3,0,1,1,0,0,1973.0,1
2.3,0,0,0,0,0,1973.0,0
2.3,0,1,0,0,1,1973.0,1
2.3,0,0,0,0,0,1973.0,0
2.3,0,0,0,0,0,1973.0,0
2.3,0,0,0,0,0,1973.0,0
2.3,0,0,0,0,0,1973.0,0
2.3,0,1,0,0,0,1973.0,0
2.3,0,0,0,0,0,1973.0,0
2.3,0,0,0,0,0,1973.0,0
2.3,0,0,0,0,0,1973.0,0
2.3,0,0,0,0,0,1973.0,0
2.3,0,0,0,0,1,1973.0,1
2.3,0,1,1,0,0,1973.0,0
2.3,0,1,0,0,1,1973.0,0
2.3,0,1,0,0,1,1973.0,0
2.3,0,0,0,1,0,1973.0,0
2.3,0,1,1,0,0,1973.0,1
2.3,0,0,0,0,0,1973.0,1
2.3,0,0,0,0,0,1973.0,0
2.3,0,1,0,0,0,1973.0,0
2.3,0,0,0,0,0,1973.0,0
2.3,0,0,0,0,0,1973.0,1
2.3,0,1,0,0,0,1973.0,0
2.3,0,1,1,0,0,1973.0,0
2.3,0,0,0,0,0,1973.0,0
2.3,0,0,0,0,0,1973.0,0
2.3,0,1,1,0,1,1973.0,0
2.3,0,1,1,0,0,1973.0,0
2.3,0,0,1,0,0,1973.0,0
2.3,0,0,0,0,0,1973.0,0
2.3,0,0,0,0,1,1973.0,0
2.3,0,0,0,0,0,1973.0,0
2.3,0,0,0,0,0,1973.0,0
2.3,0,1,1,0,0,1973.0,0
2.3,0,0,0,0,0,1973.0,0
2.3,0,0,0,0,0,1973.0,0
2.3,0,0,0,0,1,1973.0,0
2.3,0,1,1,0,1,1973.0,0
2.3,0,0,0,0,0,1973.0,0
2.3,0,0,0,0,0,1973.0,0
2.3,0,0,0,0,0,1973.0,0
2.3,0,0,0,0,0,1973.0,1
2.3,0,1,0,0,0,1973.0,0
2.3,0,0,0,0,0,1973.0,0
2.3,0,1,1,0,1,1973.0,0
2.3,0,0,0,0,0,1973.0,0
2.3,0,1,0,1,0,1973.0,0
2.3,0,1,1,0,0,1973.0,1
2.3,0,1,0,0,1,1973.0,0
2.3,0,1,1,0,0,1973.0,0
2.3,0,0,0,0,0,1973.0,0
2.3,0,0,0,0,1,1973.0,0
2.3,0,0,0,0,1,1973.0,0
2.3,0,0,0,0,0,1973.0,0
2.3,0,0,0,0,0,1973.0,0
2.3,0,0,0,0,0,1973.0,0
2.3,0,1,1,0,0,1973.0,1
2.3,0,0,0,0,0,1973.0,0
2.3,0,0,0,0,0,1973.0,0
2.3,0,1,0,0,0,1973.0,1
2.3,0,0,0,0,0,1973.0,0
2.3,0,1,0,0,0,1973.0,0
2.3,0,1,1,0,0,1973.0,1
2.3,0,0,0,0,0,1973.0,1
2.3,0,0,0,0,0,1973.0,0
2.3,0,0,0,0,0,1973.0,0
2.3,0,0,0,0,0,1973.0,0
2.3,0,0,0,0,0,1973.0,0
2.3,0,1,0,0,0,1973.0,0
2.3,0,1,0,0,0,1973.0,1
2.3,0,1,0,0,0,1973.0,0
2.3,0,1,1,0,1,1973.0,0
2.3,0,1,0,0,0,1973.0,0
2.3,0,0,0,0,0,1973.0,0
2.3,0,0,0,0,0,1973.0,0
2.3,0,0,0,0,0,1973.0,1
2.3,0,0,0,0,0,1973.0,0
2.3,0,1,1,0,0,1973.0,0
2.3,0,0,0,0,0,1973.0,1
2.3,0,1,1,0,1,1973.0,0
2.3,0,1,0,0,1,1973.0,1
2.3,0,0,0,0,0,1973.0,0
2.3,0,1,0,0,1,1973.0,0
2.3,0,1,0,0,1,1973.0,0
2.3,0,1,0,0,1,1973.0,1
2.3,0,0,0,0,0,1973.0,0
2.3,0,0,0,0,0,1973.0,0
2.3,0,0,0,0,1,1973.0,0
2.3,0,0,0,0,0,1973.0,0
2.3,1,0,0,0,0,1973.0,0
2.3,0,0,0,0,0,1973.0,0
2.3,0,0,0,0,0,1973.0,1
2.3,0,0,0,0,0,1973.0,1
2.3,0,0,0,0,0,1973.0,1
2.3,0,0,0,0,1,1973.0,0
2.3,0,0,0,0,0,1973.0,0
2.3,0,0,0,0,0,1974.0,0
2.3,0,1,0,0,0,1974.0,0
2.3,0,0,0,0,0,1974.0,0
2.3,0,1,1,0,0,1974.0,0
2.3,0,1,0,0,1,1974.0,0
2.3,0,1,0,0,1,1974.0,0
2.3,0,0,0,0,0,1974.0,1
2.3,0,0,0,0,0,1974.0,1
2.3,0,0,0,0,0,1974.0,0
2.3,0,0,0,0,0,1974.0,0
2.3,0,0,0,0,0,1974.0,0
2.3,1,0,0,1,0,1974.0,0
2.3,0,0,0,0,0,1974.0,1
2.3,0,0,0,0,0,1974.0,0
2.3,0,1,0,0,0,1974.0,1
2.3,0,1,1,0,1,1974.0,1
2.3,0,1,1,0,1,1974.0,0
2.3,0,1,0,0,1,1974.0,0
2.3,0,0,0,0,0,1974.0,0
2.3,0,1,0,0,0,1974.0,0
2.3,0,0,0,0,0,1974.0,0
2.3,0,1,0,0,1,1974.0,0
2.3,0,0,0,0,1,1974.0,0
2.3,0,0,0,0,1,1974.0,0
2.3,0,0,0,0,0,1974.0,0
2.3,0,0,0,0,0,1974.0,1
2.3,0,0,0,0,1,1974.0,0
2.3,0,1,0,0,1,1974.0,0
2.3,0,1,0,0,0,1974.0,0
2.3,0,0,0,0,0,1974.0,0
2.3,0,1,0,0,0,1974.0,0
2.3,0,1,0,0,1,1974.0,0
2.3,0,0,0,0,0,1974.0,1
2.3,0,0,0,0,0,1974.0,0
2.3,0,0,0,0,1,1974.0,1
2.3,0,1,1,0,1,1974.0,0
2.3,0,1,0,0,1,1974.0,0
2.3,0,0,0,0,1,1974.0,0
2.3,0,0,0,0,1,1974.0,1
2.3,1,0,0,0,0,1974.0,0
2.3,0,1,0,0,0,1974.0,1
2.3,0,0,0,0,0,1974.0,0
1.79,3,1,0,0,0,1974.0,0
2.3,0,1,1,0,0,1974.0,0
2.3,0,0,0,0,0,1974.0,0
2.3,0,0,0,0,0,1974.0,0
2.3,0,1,1,0,0,1974.0,1
2.3,0,1,0,0,0,1974.0,0
2.3,0,0,0,0,0,1974.0,0
2.3,0,0,0,0,0,1974.0,0
2.3,0,0,0,0,0,1974.0,0
2.3,0,1,1,0,0,1974.0,0
2.3,0,0,0,0,0,1974.0,0
2.3,0,1,0,0,0,1974.0,1
2.3,0,1,0,0,0,1974.0,0
2.3,0,1,0,0,1,1974.0,0
2.3,0,0,0,0,0,1974.0,0
2.3,0,1,0,0,1,1974.0,0
2.3,0,0,0,0,0,1974.0,0
2.3,0,0,0,0,0,1974.0,1
2.3,0,0,0,0,0,1974.0,0
2.3,0,1,0,0,0,1974.0,0
2.3,0,0,0,0,0,1974.0,1
2.3,0,1,0,0,0,1974.0,0
2.3,0,1,0,0,0,1974.0,0
2.3,0,0,0,0,0,1974.0,0
2.3,0,0,0,0,0,1974.0,0
2.3,0,1,0,0,1,1974.0,0
2.3,0,1,0,0,0,1974.0,0
2.3,0,0,0,0,1,1974.0,0
2.3,0,1,1,0,0,1974.0,1
2.3,0,0,0,0,0,1974.0,0
2.3,0,0,0,0,0,1974.0,0
2.3,1,0,0,0,0,1974.0,0
2.3,0,0,0,0,0,1974.0,1
2.3,0,1,0,0,0,1974.0,0
2.3,0,0,0,0,0,1974.0,1
2.3,0,1,0,0,0,1974.0,0
2.3,0,1,0,0,0,1974.0,1
2.3,0,0,0,0,0,1974.0,0
2.3,0,0,0,0,0,1974.0,0
2.3,0,0,0,0,0,1974.0,0
2.3,0,1,0,0,1,1974.0,1
2.3,0,1,0,0,0,1974.0,0
2.3,0,1,0,0,1,1974.0,0
2.3,0,1,0,0,1,1974.0,0
2.3,0,0,0,0,0,1974.0,1
2.3,0,1,0,0,0,1974.0,0
2.3,0,1,0,0,0,1974.0,1
2.3,0,0,0,0,0,1974.0,0
2.3,0,0,0,0,0,1974.0,0
2.3,0,0,0,0,0,1974.0,0
2.3,0,0,0,0,0,1974.0,0
2.3,0,1,0,0,1,1974.0,0
2.3,0,1,0,0,0,1974.0,1
2.3,0,0,0,0,0,1974.0,1
2.3,0,0,0,0,0,1974.0,0
2.3,0,0,0,0,0,1974.0,1
2.3,0,0,0,0,0,1974.0,0
2.3,0,0,0,0,1,1974.0,0
2.3,0,1,0,0,0,1974.0,0
2.3,0,1,0,0,1,1974.0,0
2.3,0,0,0,0,0,1974.0,1
2.3,0,1,0,0,0,1974.0,0
2.3,0,0,0,0,0,1974.0,0
2.3,0,0,0,0,0,1974.0,0
2.3,0,0,0,0,0,1974.0,0
2.3,0,0,0,0,1,1974.0,1
2.3,0,0,0,0,0,1974.0,1
2.3,0,1,0,0,0,1974.0,0
2.3,0,1,0,0,0,1974.0,0
2.3,0,0,0,0,0,1974.0,0
2.3,0,1,0,0,0,1974.0,0
2.3,0,1,0,0,1,1974.0,1
2.3,0,1,1,0,1,1974.0,0
2.3,0,1,0,0,0,1974.0,0
2.3,0,1,0,0,1,1974.0,1
2.3,0,0,0,0,0,1974.0,0
2.3,0,0,0,0,0,1974.0,0
2.3,0,0,0,0,1,1974.0,0
2.3,0,1,0,0,1,1974.0,0
2.3,0,1,1,0,1,1974.0,0
2.3,0,0,0,0,0,1974.0,0
2.3,0,0,0,0,0,1974.0,0
2.3,0,0,0,0,0,1974.0,0
2.3,0,0,0,0,0,1974.0,0
2.3,0,0,0,0,0,1974.0,0
2.3,0,1,0,0,1,1974.0,1
2.3,0,0,0,0,0,1974.0,1
2.3,0,0,0,0,0,1974.0,0
2.3,0,0,0,0,0,1974.0,0
2.3,0,0,0,0,0,1974.0,0
2.3,0,0,0,0,0,1974.0,0
2.3,0,1,0,0,0,1974.0,0
2.3,0,1,1,0,0,1974.0,0
2.3,0,0,0,0,0,1974.0,1
2.3,0,0,0,0,1,1974.0,0
2.3,0,1,0,0,0,1974.0,0
2.3,0,0,0,0,0,1974.0,0
2.3,0,0,0,0,0,1974.0,1
2.3,0,0,0,0,0,1974.0,1
2.3,0,0,0,0,0,1974.0,1
2.3,0,1,1,0,0,1974.0,1
2.3,0,0,0,0,0,1974.0,0
2.3,0,1,0,0,0,1974.0,1
2.3,0,1,0,0,1,1975.0,0
2.3,0,1,0,0,1,1975.0,0
2.3,0,0,0,0,0,1975.0,0
2.3,0,1,1,0,0,1975.0,0
2.3,0,0,0,0,0,1975.0,0
2.3,0,1,0,0,1,1975.0,1
2.3,0,0,0,0,1,1975.0,0
2.3,0,0,0,0,0,1975.0,0
2.3,0,1,0,0,0,1975.0,0
2.3,0,0,0,0,0,1975.0,1
2.3,0,0,0,0,1,1975.0,0
2.3,0,1,0,0,0,1975.0,1
2.3,0,0,0,0,0,1975.0,0
2.3,0,0,0,0,0,1975.0,0
2.3,0,1,0,0,1,1975.0,0
2.3,0,1,1,0,1,1975.0,0
2.3,0,1,1,0,0,1975.0,0
2.3,0,1,0,0,1,1975.0,0
2.3,0,0,0,0,0,1975.0,0
2.3,2,0,0,0,0,1975.0,0
0.69,2,0,0,0,0,1975.0,0
2.3,0,0,0,0,0,1975.0,0
2.3,0,0,0,0,1,1975.0,0
2.3,0,0,0,0,1,1975.0,0
2.3,0,1,0,0,1,1975.0,0
2.3,0,0,0,0,0,1975.0,0
2.3,0,1,0,0,0,1975.0,0
2.3,0,1,0,0,1,1975.0,0
2.3,1,0,0,0,0,1975.0,0
2.3,0,1,0,0,0,1975.0,0
2.3,0,1,0,0,1,1975.0,0
2.3,0,1,0,1,1,1975.0,0
2.3,0,1,0,0,1,1975.0,0
2.3,0,0,0,0,1,1975.0,0
2.3,0,1,0,0,0,1975.0,0
2.3,0,0,0,0,1,1975.0,1
2.3,0,1,1,0,1,1975.0,0
2.3,0,0,0,0,0,1975.0,0
2.3,0,0,0,0,1,1975.0,0
2.3,0,0,0,0,0,1975.0,0
2.3,0,0,0,0,1,1975.0,0
2.3,0,0,0,0,1,1975.0,0
2.3,0,0,0,0,1,1975.0,0
2.3,0,1,0,0,1,1975.0,0
2.3,0,1,0,0,1,1975.0,0
2.3,0,0,0,0,0,1975.0,1
2.3,0,0,0,0,0,1975.0,0
2.3,0,1,1,0,0,1975.0,0
2.3,0,1,0,0,0,1975.0,1
2.3,0,1,0,0,0,1975.0,0
2.3,0,1,0,0,1,1975.0,0
2.3,0,0,0,0,0,1975.0,0
2.3,0,1,0,0,1,1975.0,0
2.3,0,1,0,0,0,1975.0,1
2.3,0,0,0,0,0,1975.0,0
2.3,0,1,1,0,0,1975.0,1
2.3,0,0,0,0,1,1975.0,1
2.3,0,1,0,0,0,1975.0,1
2.3,0,0,0,0,0,1975.0,0
2.3,0,0,0,0,0,1975.0,0
2.3,0,1,0,0,1,1975.0,0
2.3,0,1,1,0,0,1975.0,0
2.3,0,0,0,0,0,1975.0,0
2.3,0,1,0,0,1,1975.0,1
2.3,3,1,0,0,0,1975.0,0
2.3,0,0,0,0,0,1975.0,0
2.3,0,1,0,0,1,1975.0,1
2.3,0,0,0,0,1,1975.0,0
2.3,0,0,0,0,1,1975.0,0
2.3,0,1,0,0,1,1975.0,0
2.3,0,0,0,0,0,1975.0,0
2.3,0,0,0,0,0,1975.0,1
2.3,0,1,0,0,0,1975.0,1
2.3,0,1,0,0,1,1975.0,0
2.3,0,0,0,0,1,1975.0,1
2.3,0,1,0,0,0,1975.0,1
2.3,0,0,0,0,0,1975.0,1
2.3,0,1,0,0,0,1975.0,0
2.3,0,0,0,0,0,1975.0,0
2.3,0,0,0,0,0,1975.0,0
2.3,0,1,1,0,0,1975.0,1
2.3,0,1,1,0,1,1975.0,0
2.3,0,1,0,0,0,1975.0,0
2.3,0,1,0,0,0,1975.0,0
2.3,0,0,0,0,0,1975.0,0
2.3,0,0,0,0,0,1975.0,0
0.69,3,0,0,0,0,1975.0,0
2.3,0,1,1,0,0,1975.0,1
2.3,0,1,0,0,1,1975.0,0
2.3,0,0,0,0,0,1975.0,1
2.3,0,1,1,0,0,1975.0,0
2.3,0,0,0,0,0,1975.0,0
2.3,0,1,1,0,0,1975.0,0
1.39,3,0,0,0,0,1975.0,1
2.3,0,0,0,0,0,1975.0,0
2.3,0,1,0,0,1,1975.0,0
2.3,0,1,0,0,0,1975.0,1
2.3,0,0,0,0,0,1975.0,0
2.3,0,1,1,1,0,1975.0,1
2.3,0,0,0,0,0,1975.0,0
2.3,0,1,1,0,0,1975.0,0
2.3,0,0,0,0,0,1975.0,0
2.3,0,0,0,0,0,1975.0,1
2.3,3,1,0,0,0,1975.0,0
2.3,0,1,0,0,1,1975.0,0
2.3,0,1,0,0,1,1975.0,0
2.3,0,1,0,0,1,1975.0,0
2.3,0,0,0,0,0,1976.0,0
2.3,0,1,0,0,0,1976.0,1
2.3,0,0,0,0,0,1976.0,0
2.3,0,1,0,0,1,1976.0,0
2.3,0,0,0,0,1,1976.0,0
2.3,0,0,0,0,0,1976.0,0
2.3,0,0,0,0,0,1976.0,0
2.3,0,0,0,0,1,1976.0,1
2.3,0,0,0,0,1,1976.0,0
2.3,0,1,0,0,1,1976.0,0
2.3,0,0,0,0,1,1976.0,1
2.3,0,0,0,0,1,1976.0,0
2.3,0,0,0,0,0,1976.0,1
2.3,0,0,0,0,0,1976.0,0
2.3,0,1,1,0,0,1976.0,1
2.3,0,0,0,0,0,1976.0,0
2.3,0,0,0,0,1,1976.0,0
2.3,0,0,0,0,1,1976.0,0
2.3,0,0,0,0,0,1976.0,0
2.3,0,0,0,0,0,1976.0,0
2.3,0,1,0,0,1,1976.0,0
2.3,0,0,0,0,0,1976.0,0
2.3,0,1,1,0,1,1976.0,0
2.3,0,1,1,0,0,1976.0,1
2.3,0,0,0,0,0,1976.0,1
2.3,0,0,0,0,0,1976.0,1
2.3,0,0,0,0,0,1976.0,0
2.3,0,1,1,1,0,1976.0,0
2.3,0,1,0,0,1,1976.0,1
2.3,0,0,0,0,0,1976.0,0
2.3,0,0,0,0,0,1976.0,0
2.3,0,0,0,0,1,1976.0,0
2.3,0,1,0,0,0,1976.0,0
2.3,0,0,0,0,0,1976.0,0
2.3,0,1,0,0,0,1976.0,0
2.3,0,1,0,0,0,1976.0,1
2.3,0,0,0,0,0,1976.0,0
2.3,0,0,0,0,0,1976.0,0
2.3,0,0,0,0,0,1976.0,0
2.3,0,0,0,0,0,1976.0,1
2.3,0,0,0,0,0,1976.0,0
2.3,0,1,0,0,0,1976.0,0
2.3,0,0,0,0,1,1976.0,1
2.3,0,1,1,0,0,1976.0,1
2.3,0,1,0,1,0,1976.0,0
2.3,0,0,0,0,0,1976.0,0
2.3,0,0,0,0,1,1976.0,0
2.3,0,0,0,0,0,1976.0,0
2.3,0,0,0,0,0,1976.0,1
2.3,0,1,0,0,0,1976.0,0
2.3,0,0,0,0,0,1976.0,0
2.3,0,0,0,1,0,1976.0,0
2.3,0,0,0,0,1,1976.0,0
2.3,0,1,1,0,0,1976.0,1
2.3,0,0,0,0,1,1976.0,0
2.3,0,1,0,0,0,1976.0,0
2.3,0,0,0,0,1,1976.0,0
2.3,0,1,0,0,0,1976.0,0
2.3,0,0,0,0,0,1976.0,1
2.3,0,1,1,0,0,1976.0,0
2.3,0,1,0,0,1,1976.0,0
2.3,0,0,1,1,0,1976.0,0
2.3,0,0,0,0,1,1976.0,1
2.3,0,0,0,0,0,1976.0,1
2.3,0,1,0,0,1,1976.0,0
2.3,0,1,1,0,0,1976.0,0
2.3,0,0,0,0,0,1976.0,1
2.3,0,0,0,0,1,1976.0,0
2.3,0,1,0,0,1,1976.0,1
2.3,0,0,0,0,0,1976.0,0
2.3,0,1,0,0,1,1976.0,1
2.3,0,0,0,0,0,1976.0,0
2.3,0,1,0,0,1,1976.0,0
2.3,0,1,0,0,0,1976.0,0
2.3,0,0,0,0,0,1976.0,0
2.3,0,1,0,0,1,1976.0,0
2.3,0,0,0,0,0,1976.0,1
2.3,0,0,0,0,0,1976.0,0
2.3,1,1,0,0,0,1976.0,0
2.3,0,0,0,0,0,1976.0,0
2.3,0,0,0,0,0,1976.0,0
2.3,0,1,0,0,1,1976.0,1
2.3,0,0,0,0,0,1976.0,0
2.3,0,0,0,0,0,1976.0,0
2.3,0,0,0,0,0,1976.0,0
2.3,0,1,0,0,1,1976.0,0
2.3,0,0,0,0,1,1976.0,0
2.3,0,0,0,0,0,1976.0,0
2.3,0,0,1,1,0,1976.0,0
2.3,0,0,0,0,0,1976.0,0
2.3,0,1,0,0,0,1976.0,0
2.3,0,0,0,0,0,1976.0,1
2.3,1,0,0,0,0,1976.0,0
2.3,0,0,0,0,1,1976.0,1
2.3,0,0,0,0,0,1976.0,1
2.3,0,0,0,0,0,1976.0,0
2.3,0,0,0,0,0,1976.0,0
2.3,0,1,0,1,0,1976.0,0
2.3,0,1,0,0,1,1976.0,0
2.3,0,0,0,0,1,1976.0,0
2.3,0,0,0,0,1,1976.0,0
2.3,0,1,0,0,0,1976.0,0
2.3,0,0,0,0,0,1976.0,1
2.3,0,1,0,0,0,1976.0,0
2.3,0,1,0,0,1,1976.0,0
2.3,0,1,0,0,0,1976.0,0
2.3,0,0,0,0,0,1976.0,1
2.3,0,1,0,0,1,1976.0,0
2.3,0,1,0,0,0,1976.0,0
2.3,0,1,0,0,1,1976.0,1
2.3,0,1,0,0,1,1976.0,0
2.3,0,0,0,0,1,1976.0,1
2.3,0,0,0,0,1,1976.0,0
2.3,0,0,0,0,0,1976.0,0
2.3,0,1,0,0,0,1976.0,0
2.3,0,0,0,0,1,1976.0,0
2.3,0,0,0,0,1,1976.0,0
2.3,0,0,0,0,0,1976.0,1
2.3,0,0,0,1,0,1976.0,0
2.3,0,0,0,0,0,1976.0,0
2.3,0,1,0,0,0,1976.0,0
2.3,0,1,0,0,1,1976.0,0
2.3,0,0,0,0,0,1976.0,0
2.3,0,0,0,0,0,1976.0,0
2.3,0,0,0,0,0,1976.0,1
2.3,0,0,0,0,0,1976.0,1
2.3,0,1,0,0,0,1976.0,0
2.3,0,1,0,0,0,1976.0,0
2.3,0,0,0,0,1,1976.0,0
2.3,0,0,0,0,0,1976.0,0
2.3,0,0,0,0,1,1976.0,0
2.3,0,0,0,0,0,1976.0,0
2.3,0,1,0,0,1,1976.0,0
2.3,0,1,0,0,1,1976.0,1
2.3,0,1,0,0,1,1976.0,0
2.3,0,1,0,0,0,1976.0,0
2.3,0,0,0,0,0,1976.0,0
2.3,0,1,0,0,1,1976.0,0
2.3,0,1,0,0,0,1976.0,0
2.3,0,1,0,0,0,1976.0,0
2.3,0,0,0,0,0,1976.0,0
2.3,1,0,0,0,1,1976.0,0
2.3,0,1,0,0,1,1976.0,0
2.3,0,0,0,0,0,1976.0,1
2.3,0,0,0,0,1,1976.0,0
2.3,0,0,0,0,0,1976.0,0
2.3,0,0,0,0,0,1976.0,0
2.3,0,0,0,0,0,1976.0,0
2.3,0,0,0,0,0,1976.0,0
2.3,0,0,0,0,0,1976.0,0
2.3,0,1,0,0,0,1976.0,0
2.3,0,1,0,0,1,1976.0,0
2.3,0,0,0,0,0,1976.0,1
2.3,0,1,0,0,0,1976.0,0
2.3,0,1,0,0,1,1977.0,0
2.3,0,0,0,0,0,1977.0,1
2.3,0,1,0,0,1,1977.0,0
2.3,0,1,0,0,1,1977.0,0
2.3,0,1,1,1,0,1977.0,0
2.3,0,1,0,0,1,1977.0,1
2.3,0,1,0,0,0,1977.0,0
2.3,0,0,0,0,0,1977.0,0
2.3,0,0,0,0,1,1977.0,0
2.3,0,0,0,0,1,1977.0,0
2.3,0,0,0,0,0,1977.0,0
2.3,0,0,0,0,0,1977.0,0
2.3,0,0,0,0,1,1977.0,0
2.3,0,1,0,0,0,1977.0,0
2.3,0,0,0,0,0,1977.0,0
2.3,0,1,0,0,1,1977.0,0
2.3,0,0,0,0,1,1977.0,1
2.3,0,0,0,0,1,1977.0,1
2.3,0,1,1,0,0,1977.0,0
2.3,0,0,0,0,1,1977.0,1
2.3,0,0,0,0,1,1977.0,0
2.3,11,0,0,0,0,1977.0,0
2.3,0,0,0,0,0,1977.0,0
2.3,0,0,0,0,0,1977.0,0
2.3,0,0,0,0,1,1977.0,0
2.3,0,1,1,0,0,1977.0,0
2.3,0,0,0,0,0,1977.0,0
2.3,0,0,0,0,1,1977.0,1
2.3,0,0,0,0,1,1977.0,1
2.3,0,0,0,0,0,1977.0,1
2.3,0,1,1,0,0,1977.0,0
2.3,0,0,0,0,0,1977.0,0
2.3,0,0,0,0,0,1977.0,0
2.3,0,0,0,0,0,1977.0,1
2.3,0,0,0,0,0,1977.0,0
2.3,0,1,0,0,1,1977.0,1
2.3,0,1,0,0,0,1977.0,1
2.3,0,0,0,0,1,1977.0,0
2.3,0,1,0,0,0,1977.0,1
2.3,0,0,0,0,1,1977.0,1
2.3,0,1,0,0,0,1977.0,0
2.3,0,0,0,0,0,1977.0,0
2.3,0,1,0,0,0,1977.0,0
2.3,0,1,0,0,1,1977.0,0
2.3,0,1,1,0,0,1977.0,0
2.3,0,1,0,0,1,1977.0,0
2.3,0,0,0,0,1,1977.0,0
2.3,0,1,0,0,0,1977.0,0
2.3,0,0,0,0,0,1977.0,1
2.3,0,0,0,0,0,1977.0,0
2.3,0,1,0,0,0,1977.0,0
2.3,0,0,0,0,0,1977.0,0
2.3,0,0,0,0,0,1977.0,0
2.3,3,0,0,1,0,1977.0,1
2.3,0,0,0,0,1,1977.0,0
2.3,0,0,0,0,1,1977.0,0
2.3,0,0,0,0,0,1977.0,0
2.3,0,0,0,0,1,1977.0,0
2.3,6,0,0,0,0,1977.0,0
2.3,0,0,0,0,0,1977.0,0
2.3,0,0,0,0,0,1977.0,1
2.3,0,0,0,0,0,1977.0,0
2.3,0,0,0,0,0,1977.0,1
2.3,0,0,0,0,0,1977.0,0
2.3,0,0,0,0,0,1977.0,0
2.3,0,1,0,0,1,1977.0,0
2.3,0,0,0,0,0,1977.0,0
2.3,0,1,0,0,0,1977.0,0
2.3,0,1,1,0,1,1977.0,1
2.3,0,0,0,0,1,1977.0,1
2.3,0,1,0,0,0,1977.0,1
2.3,0,0,0,0,0,1977.0,0
2.3,0,0,0,0,0,1977.0,0
2.3,0,1,0,0,0,1977.0,1
2.3,0,0,0,0,0,1977.0,0
2.3,0,1,0,0,0,1977.0,0
2.3,0,0,0,0,0,1977.0,0
2.3,0,1,0,0,1,1977.0,0
2.3,0,1,0,0,1,1977.0,0
2.3,0,0,0,0,1,1977.0,1
2.3,0,1,0,0,0,1977.0,0
2.3,0,0,0,0,0,1977.0,0
2.3,0,0,0,0,0,1977.0,0
2.3,0,0,0,0,1,1977.0,0
2.3,0,1,1,0,0,1977.0,0
2.3,0,1,0,0,1,1977.0,0
2.08,5,0,0,0,0,1977.0,1
2.3,0,0,0,0,1,1977.0,0
2.3,0,0,0,0,0,1977.0,0
2.3,0,1,0,0,0,1977.0,0
2.3,0,0,0,0,1,1977.0,0
2.3,0,0,0,0,1,1977.0,0
2.3,0,0,0,0,1,1977.0,0
2.3,0,1,0,0,0,1977.0,0
2.3,0,0,0,0,0,1977.0,0
2.3,0,1,1,0,0,1977.0,1
2.3,0,0,0,0,0,1977.0,0
2.3,0,1,0,0,0,1977.0,0
2.3,0,1,0,0,0,1977.0,0
2.3,0,1,0,0,0,1977.0,1
2.3,0,0,0,0,0,1977.0,0
2.3,0,0,0,0,0,1977.0,0
2.3,0,1,0,0,0,1977.0,0
2.3,0,0,0,0,1,1977.0,1
2.3,0,0,0,0,1,1977.0,0
2.3,0,1,0,0,1,1977.0,0
2.3,0,1,0,0,0,1977.0,0
2.3,0,1,0,0,0,1977.0,0
2.3,0,0,0,0,1,1977.0,1
2.3,0,0,0,0,0,1977.0,0
2.3,0,0,0,0,1,1977.0,0
2.3,0,0,0,0,0,1977.0,0
2.3,0,0,0,0,1,1977.0,0
2.3,0,0,0,0,0,1977.0,0
2.3,6,0,0,0,0,1977.0,0
2.3,0,1,0,0,0,1977.0,0
2.3,0,1,0,0,1,1977.0,1
2.3,0,0,0,0,0,1977.0,0
2.3,0,1,0,0,1,1977.0,0
2.3,0,0,0,0,0,1977.0,1
2.3,0,0,0,0,0,1977.0,0
2.3,0,1,0,0,1,1977.0,1
2.3,0,1,0,0,1,1977.0,0
2.3,0,0,0,0,1,1977.0,0
2.3,0,0,0,0,0,1977.0,0
2.3,0,1,0,0,0,1977.0,1
2.3,0,0,0,0,1,1977.0,0
2.3,0,0,0,0,0,1977.0,0
2.3,0,1,0,0,0,1977.0,0
2.3,0,1,0,0,0,1977.0,0
2.3,0,1,0,0,0,1977.0,1
2.3,0,0,0,0,0,1977.0,0
2.3,0,0,0,0,0,1977.0,0
2.3,0,0,0,0,0,1977.0,0
2.3,0,0,0,0,0,1977.0,1
2.3,0,0,0,0,1,1977.0,0
2.3,1,0,0,0,0,1977.0,1
2.3,0,0,0,0,0,1978.0,0
2.3,0,1,0,0,0,1978.0,0
2.3,1,0,0,0,1,1978.0,1
2.3,1,0,0,0,0,1978.0,1
2.3,0,1,0,0,0,1978.0,0
2.3,0,0,0,0,0,1978.0,0
2.3,0,0,0,0,1,1978.0,0
2.3,0,1,1,0,1,1978.0,0
2.3,0,1,0,0,0,1978.0,1
2.3,0,0,0,0,1,1978.0,0
2.3,0,0,0,0,1,1978.0,0
2.3,0,0,0,0,0,1978.0,1
2.3,0,0,0,0,1,1978.0,0
2.3,0,1,0,0,0,1978.0,1
2.3,0,1,0,0,0,1978.0,0
2.3,1,1,0,1,0,1978.0,0
2.3,0,1,0,0,1,1978.0,0
2.3,0,0,0,0,0,1978.0,1
2.3,0,1,0,0,1,1978.0,0
2.3,0,0,0,0,1,1978.0,0
2.3,0,0,0,0,0,1978.0,0
2.3,0,0,0,0,1,1978.0,0
2.3,0,1,0,0,1,1978.0,0
2.3,0,1,0,0,0,1978.0,1
2.3,0,1,0,0,0,1978.0,0
2.3,0,1,0,0,0,1978.0,1
2.3,0,1,0,0,1,1978.0,0
1.79,3,1,0,0,0,1978.0,0
2.3,0,1,0,0,1,1978.0,0
2.3,0,0,0,0,0,1978.0,0
2.3,0,1,0,0,0,1978.0,1
2.3,0,0,0,0,0,1978.0,1
2.3,0,1,0,0,0,1978.0,1
2.3,0,0,0,0,0,1978.0,0
2.3,0,1,0,0,0,1978.0,0
2.3,0,0,0,0,1,1978.0,1
2.3,0,1,0,0,1,1978.0,0
2.3,0,1,0,0,0,1978.0,1
2.3,0,0,0,0,1,1978.0,1
2.3,0,0,0,0,0,1978.0,0
2.3,0,1,0,0,1,1978.0,1
2.3,0,1,1,0,1,1978.0,0
2.3,0,0,0,0,1,1978.0,0
2.3,0,0,0,0,1,1978.0,1
2.3,0,0,0,0,0,1978.0,0
2.3,0,0,0,0,0,1978.0,0
2.3,0,1,0,0,0,1978.0,0
2.3,0,1,0,1,1,1978.0,0
2.3,0,0,0,0,0,1978.0,1
2.3,0,0,0,0,0,1978.0,0
2.3,0,1,0,0,0,1978.0,0
2.3,0,0,0,0,1,1978.0,0
2.3,0,0,0,0,0,1978.0,1
2.3,1,0,0,0,1,1978.0,1
1.79,2,1,0,0,0,1978.0,0
2.3,0,0,0,0,0,1978.0,1
2.3,0,0,0,0,0,1978.0,1
2.3,0,1,0,0,0,1978.0,0
2.3,0,1,0,0,0,1978.0,1
2.3,0,0,0,0,0,1978.0,0
2.3,0,0,0,0,0,1978.0,0
1.39,1,1,0,0,0,1978.0,1
2.3,0,1,0,0,0,1978.0,0
2.3,1,0,0,0,0,1978.0,0
2.3,1,1,0,0,0,1978.0,1
2.3,0,0,0,0,0,1978.0,0
2.3,0,1,0,0,0,1978.0,0
2.3,0,1,0,0,1,1978.0,0
2.3,0,0,0,0,0,1978.0,0
2.3,0,0,0,0,0,1978.0,1
2.3,0,0,0,0,0,1978.0,0
2.3,0,1,0,0,0,1978.0,0
2.3,0,1,0,0,0,1978.0,0
2.3,0,1,0,0,0,1978.0,0
2.3,0,0,0,0,1,1978.0,0
2.3,0,1,0,0,0,1978.0,0
2.3,0,0,0,0,0,1978.0,0
2.3,0,0,0,0,0,1978.0,0
2.3,0,0,0,0,0,1978.0,0
2.3,0,0,0,1,0,1978.0,0
2.3,0,1,1,0,0,1978.0,0
2.3,1,0,0,0,1,1978.0,0
2.3,0,0,0,0,0,1978.0,1
2.3,1,0,0,0,0,1978.0,0
2.3,0,0,0,0,0,1978.0,1
2.3,0,1,0,0,1,1978.0,0
2.3,0,0,0,0,0,1978.0,1
2.3,0,0,0,0,0,1978.0,0
2.3,0,1,0,0,0,1978.0,0
2.3,0,0,0,0,1,1978.0,0
2.3,0,1,1,0,0,1978.0,0
2.3,0,1,0,0,0,1978.0,0
2.3,0,0,0,0,0,1978.0,0
2.3,0,0,0,0,0,1978.0,0
2.3,0,1,0,0,0,1978.0,0
2.3,0,1,0,0,0,1978.0,0
1.79,3,1,0,0,0,1978.0,0
2.3,0,0,0,0,0,1978.0,0
2.3,1,0,0,0,0,1978.0,0
2.3,0,0,0,0,1,1978.0,0
2.3,0,0,0,0,0,1978.0,1
2.3,0,0,0,0,0,1978.0,1
2.3,0,1,0,0,0,1978.0,0
2.3,0,0,0,0,0,1978.0,0
2.3,0,1,0,0,1,1978.0,1
2.3,0,0,0,0,1,1978.0,1
2.3,0,0,0,0,1,1978.0,0
2.3,0,0,0,0,0,1978.0,0
2.3,0,1,0,0,1,1978.0,1
2.3,0,1,0,0,0,1978.0,0
2.3,0,0,0,0,0,1978.0,0
2.3,0,1,0,0,0,1978.0,0
2.3,0,0,0,0,0,1979.0,0
2.3,0,1,0,0,0,1979.0,1
2.3,0,0,0,0,1,1979.0,0
2.3,0,0,0,0,0,1979.0,0
2.3,0,1,0,0,0,1979.0,0
2.3,1,0,0,0,1,1979.0,1
2.08,7,1,0,0,1,1979.0,1
2.3,0,1,1,0,1,1979.0,0
2.3,4,1,0,0,1,1979.0,0
2.3,0,0,0,0,0,1979.0,1
2.3,0,1,0,0,1,1979.0,0
2.3,0,0,0,0,1,1979.0,0
2.2,0,1,0,0,1,1979.0,0
2.3,0,0,0,0,0,1979.0,0
2.3,0,0,0,0,0,1979.0,0
2.3,0,0,0,0,0,1979.0,0
2.3,0,0,0,0,0,1979.0,0
2.3,0,1,0,0,1,1979.0,0
2.3,0,1,0,0,1,1979.0,0
2.3,0,0,0,0,0,1979.0,0
2.3,0,0,0,0,1,1979.0,0
2.3,0,0,0,0,0,1979.0,1
2.3,0,1,0,0,1,1979.0,0
2.3,0,0,0,0,0,1979.0,0
2.3,0,0,0,0,0,1979.0,0
2.2,0,0,0,0,0,1979.0,0
2.3,0,0,0,0,0,1979.0,1
2.3,0,0,0,0,1,1979.0,1
2.3,0,0,0,0,0,1979.0,0
2.3,0,1,1,0,0,1979.0,0
2.3,0,0,0,0,0,1979.0,0
2.3,0,0,0,0,1,1979.0,0
2.3,5,1,0,0,0,1979.0,0
2.3,0,0,0,0,1,1979.0,0
2.3,0,1,0,0,1,1979.0,1
2.3,0,1,1,0,1,1979.0,0
2.3,0,0,0,0,0,1979.0,0
2.3,0,1,0,0,1,1979.0,0
2.3,0,1,0,0,1,1979.0,0
2.3,0,0,0,0,0,1979.0,0
2.3,0,0,0,0,0,1979.0,0
2.3,0,1,0,0,0,1979.0,0
2.2,0,0,0,0,1,1979.0,0
2.3,0,1,0,0,0,1979.0,0
2.3,0,1,0,0,0,1979.0,0
2.3,0,1,0,0,1,1979.0,0
2.3,0,1,1,0,0,1979.0,0
2.3,0,1,1,0,0,1979.0,0
2.3,0,0,0,0,0,1979.0,0
2.3,0,0,0,0,1,1979.0,1
2.3,0,0,0,0,0,1979.0,1
2.3,0,0,0,0,0,1979.0,0
2.3,0,1,1,0,0,1979.0,0
2.3,2,1,0,0,0,1979.0,0
2.3,0,0,0,0,1,1979.0,0
2.3,0,0,0,0,1,1979.0,0
2.3,0,1,0,0,1,1979.0,0
2.3,0,0,0,0,0,1979.0,0
2.3,4,0,0,0,0,1979.0,0
2.2,0,0,0,0,0,1979.0,0
2.3,0,0,0,0,0,1979.0,0
2.3,0,0,0,0,1,1979.0,0
2.2,0,1,0,0,0,1979.0,0
2.3,1,0,0,0,1,1979.0,1
2.2,0,1,0,0,1,1979.0,0
2.3,0,1,0,0,0,1979.0,0
2.3,0,0,0,0,1,1979.0,0
2.3,1,1,0,0,0,1979.0,1
2.2,0,1,0,0,1,1979.0,0
2.3,0,0,0,0,0,1979.0,1
2.3,0,1,0,0,1,1979.0,0
2.3,0,1,0,0,1,1979.0,1
2.3,1,1,0,0,0,1979.0,0
2.3,0,0,0,0,0,1979.0,0
2.3,0,0,0,0,0,1979.0,0
2.3,3,0,0,0,0,1979.0,0
2.3,0,1,0,0,1,1979.0,1
2.3,0,0,0,0,0,1979.0,0
2.3,0,0,0,0,1,1979.0,1
2.3,0,1,1,0,1,1979.0,0
2.3,0,1,0,0,1,1979.0,0
2.3,1,1,0,0,0,1979.0,1
2.3,3,1,0,0,1,1979.0,0
2.3,0,1,0,0,0,1979.0,0
2.3,0,1,0,0,1,1979.0,0
2.3,0,0,0,0,0,1979.0,0
2.3,0,0,0,0,0,1979.0,0
2.3,0,1,1,0,1,1979.0,0
2.3,0,0,0,0,1,1979.0,1
2.3,0,0,0,0,0,1979.0,0
2.3,0,1,1,0,1,1979.0,1
2.3,0,0,0,0,1,1979.0,0
2.3,0,1,1,0,0,1979.0,1
2.3,0,0,0,0,0,1979.0,0
2.3,0,1,0,0,0,1979.0,0
2.3,0,0,0,0,0,1979.0,0
2.3,0,0,0,0,0,1979.0,0
2.2,0,0,0,0,0,1979.0,0
2.3,0,1,1,0,0,1979.0,0
2.3,0,0,0,0,1,1979.0,0
2.3,0,1,0,0,1,1979.0,0
2.3,0,1,0,0,0,1979.0,0
2.3,1,1,0,0,0,1979.0,1
2.3,0,0,0,0,0,1979.0,0
2.3,0,1,0,0,0,1979.0,0
2.3,0,1,1,0,0,1979.0,0
2.3,1,0,0,0,0,1979.0,0
2.2,0,1,0,0,0,1979.0,0
2.3,0,0,0,0,1,1979.0,0
2.3,0,0,0,0,0,1979.0,1
2.3,0,1,1,0,0,1979.0,1
2.3,0,1,0,0,0,1979.0,0
2.3,3,0,0,0,0,1979.0,0
2.3,0,0,0,0,0,1979.0,0
2.3,0,1,0,0,1,1979.0,0
2.3,0,1,0,0,1,1979.0,0
2.3,0,0,0,0,0,1979.0,0
2.3,0,1,0,0,0,1979.0,1
2.3,0,0,0,0,0,1979.0,0
2.2,0,1,0,1,0,1980.0,0
1.79,3,1,0,0,0,1980.0,0
2.2,2,0,0,0,0,1980.0,0
2.2,0,0,0,0,0,1980.0,0
2.08,3,1,0,0,1,1980.0,0
2.2,0,0,0,0,0,1980.0,0
2.2,2,0,0,0,0,1980.0,0
2.2,0,1,0,0,0,1980.0,0
2.2,0,0,0,0,0,1980.0,0
2.2,0,1,0,0,0,1980.0,0
2.2,0,1,0,0,0,1980.0,0
2.2,5,0,0,0,1,1980.0,1
2.2,0,0,0,0,0,1980.0,0
2.2,0,0,0,0,0,1980.0,1
2.2,0,0,0,0,0,1980.0,0
2.2,0,1,0,0,0,1980.0,0
2.2,0,0,0,0,0,1980.0,1
2.2,0,0,0,0,0,1980.0,0
2.2,0,0,0,0,0,1980.0,0
2.2,0,1,1,0,0,1980.0,1
2.2,0,1,0,0,0,1980.0,0
2.2,0,0,0,1,0,1980.0,0
2.2,0,1,0,0,0,1980.0,1
2.2,0,1,0,0,0,1980.0,1
2.2,0,0,0,0,1,1980.0,0
2.2,2,0,0,0,0,1980.0,1
2.2,1,1,1,0,1,1980.0,0
2.2,0,0,0,0,0,1980.0,0
2.2,0,1,0,0,0,1980.0,0
2.2,0,1,0,0,1,1980.0,0
2.2,0,1,0,0,0,1980.0,0
2.2,0,0,0,0,0,1980.0,1
2.2,0,0,0,0,0,1980.0,0
2.2,0,0,0,0,1,1980.0,1
2.2,0,1,0,0,0,1980.0,1
2.2,0,0,0,0,0,1980.0,0
2.2,0,0,0,0,0,1980.0,0
2.2,0,1,1,0,0,1980.0,1
2.2,0,0,0,0,1,1980.0,0
2.2,0,1,0,0,0,1980.0,1
2.2,0,0,0,0,0,1980.0,0
2.2,0,0,0,0,0,1980.0,0
2.2,0,0,0,0,0,1980.0,0
2.2,1,0,0,0,0,1980.0,1
2.2,0,1,0,0,0,1980.0,0
1.79,3,1,0,0,0,1980.0,0
2.2,0,1,0,0,1,1980.0,0
2.2,0,1,0,0,0,1980.0,0
2.2,0,0,0,0,0,1980.0,0
2.08,0,0,0,0,0,1980.0,1
1.39,3,0,0,0,0,1980.0,0
2.2,0,1,0,0,0,1980.0,0
2.2,0,0,0,0,1,1980.0,0
2.08,0,0,1,0,1,1980.0,1
2.2,0,1,0,0,1,1980.0,0
2.2,0,1,0,0,0,1980.0,0
2.2,0,0,0,0,0,1980.0,0
2.2,0,1,0,0,0,1980.0,1
2.2,0,1,0,0,0,1980.0,0
2.2,0,0,0,1,1,1980.0,0
2.08,0,0,0,0,0,1980.0,0
2.08,0,0,0,0,0,1980.0,1
2.2,0,1,0,0,0,1980.0,1
2.2,0,1,0,0,1,1980.0,0
2.08,0,0,0,0,0,1980.0,0
2.2,0,1,0,0,1,1980.0,0
2.08,0,1,0,0,1,1980.0,0
2.2,0,1,0,0,1,1980.0,0
2.2,3,0,0,0,1,1980.0,1
2.2,0,1,1,0,0,1980.0,0
2.2,0,0,0,0,0,1980.0,1
2.2,0,1,0,0,1,1980.0,0
2.2,0,0,0,0,0,1980.0,1
2.2,0,0,0,0,0,1980.0,1
2.2,0,1,1,0,0,1980.0,1
2.2,0,0,0,0,0,1980.0,0
2.2,0,0,0,0,1,1980.0,0
2.2,0,0,0,0,0,1980.0,0
2.2,0,0,0,0,0,1980.0,0
2.2,0,0,0,0,1,1980.0,0
2.2,0,1,0,0,0,1980.0,0
2.2,0,1,0,0,1,1980.0,0
2.2,0,0,0,0,0,1980.0,0
2.2,5,1,0,0,0,1980.0,0
2.2,0,0,0,0,1,1980.0,0
2.2,0,1,0,0,0,1980.0,0
2.2,0,0,0,0,0,1980.0,0
2.2,0,0,0,0,1,1980.0,0
2.2,2,0,0,0,0,1980.0,0
2.2,0,1,0,0,0,1980.0,0
2.08,0,0,0,0,0,1980.0,0
2.2,2,1,0,0,0,1980.0,0
2.2,0,0,0,0,0,1980.0,0
2.2,0,0,0,0,0,1980.0,0
2.2,0,1,0,0,0,1980.0,0
2.2,0,0,0,0,0,1980.0,0
2.2,0,0,0,0,0,1980.0,1
2.08,0,0,0,0,0,1980.0,0
2.2,0,0,0,0,1,1980.0,0
2.2,0,0,0,0,1,1980.0,0
2.2,0,1,0,0,0,1980.0,0
2.2,0,1,1,0,0,1980.0,0
2.2,0,0,0,0,0,1980.0,0
2.2,0,1,1,0,0,1980.0,0
2.2,0,1,0,0,0,1980.0,0
2.2,0,1,0,0,0,1980.0,0
2.2,1,0,0,0,0,1980.0,0
2.2,0,0,0,0,0,1980.0,0
2.2,1,0,0,0,0,1980.0,0
2.2,0,1,0,0,0,1980.0,0
2.2,0,0,0,0,1,1980.0,0
2.2,0,0,0,0,0,1980.0,0
2.2,4,1,0,0,1,1980.0,0
2.2,0,1,1,0,0,1980.0,0
2.08,3,1,0,0,1,1980.0,0
2.2,3,1,0,0,0,1980.0,0
2.2,0,1,1,0,0,1980.0,0
2.2,0,1,0,0,1,1980.0,1
2.2,0,0,0,0,0,1980.0,0
2.2,0,0,0,0,1,1980.0,0
2.2,0,0,0,0,0,1980.0,1
2.2,0,1,0,0,1,1980.0,0
2.08,0,0,0,0,1,1980.0,0
2.2,0,0,0,0,0,1980.0,1
2.2,0,1,0,0,0,1980.0,1
2.2,0,1,1,0,0,1980.0,0
2.2,0,0,0,0,0,1980.0,1
2.08,0,0,0,0,0,1981.0,1
2.08,0,1,0,0,1,1981.0,0
2.08,0,0,0,0,0,1981.0,0
2.08,0,1,0,0,0,1981.0,1
2.08,0,1,0,0,1,1981.0,0
2.08,0,1,0,0,1,1981.0,0
2.08,0,1,0,0,1,1981.0,0
2.08,0,1,0,0,0,1981.0,0
2.08,0,1,1,0,1,1981.0,0
2.08,4,0,0,0,0,1981.0,0
2.08,0,1,1,0,0,1981.0,0
2.08,0,1,0,0,1,1981.0,0
2.08,0,0,0,0,0,1981.0,0
2.08,0,1,0,0,0,1981.0,0
2.08,0,0,0,0,0,1981.0,1
2.08,0,0,0,0,1,1981.0,0
2.08,0,1,0,0,1,1981.0,1
1.95,0,0,0,0,1,1981.0,0
2.08,0,0,0,0,0,1981.0,0
2.08,0,0,0,0,1,1981.0,0
2.08,2,0,0,0,0,1981.0,1
2.08,0,0,0,0,0,1981.0,1
2.08,0,1,0,0,1,1981.0,0
2.08,0,1,0,0,0,1981.0,0
2.08,0,0,0,0,0,1981.0,1
2.08,0,0,0,0,1,1981.0,0
2.08,0,0,0,0,0,1981.0,0
2.08,0,1,0,0,1,1981.0,0
2.08,0,0,0,0,1,1981.0,0
2.08,0,1,0,0,0,1981.0,0
2.08,0,0,0,0,0,1981.0,0
2.08,0,0,0,0,0,1981.0,0
1.95,0,1,0,0,0,1981.0,1
2.08,0,0,0,0,0,1981.0,0
2.08,1,0,0,0,0,1981.0,0
2.08,0,0,0,0,1,1981.0,0
2.08,0,1,0,0,0,1981.0,0
1.95,1,0,0,0,0,1981.0,1
2.08,0,0,0,0,1,1981.0,0
2.08,0,1,0,0,0,1981.0,1
1.95,0,1,0,0,0,1981.0,1
2.08,0,0,0,0,0,1981.0,0
2.08,0,0,0,0,1,1981.0,0
2.08,0,0,0,0,1,1981.0,0
2.08,0,1,0,0,0,1981.0,0
2.08,0,0,0,0,0,1981.0,0
2.08,0,1,0,0,1,1981.0,0
2.08,0,1,0,0,0,1981.0,0
1.95,0,0,0,0,0,1981.0,0
2.08,0,1,0,0,1,1981.0,0
2.08,0,1,0,0,0,1981.0,0
2.08,0,0,0,0,0,1981.0,1
2.08,0,0,0,0,0,1981.0,1
2.08,0,1,0,0,1,1981.0,0
2.08,0,1,0,0,0,1981.0,1
2.08,0,0,0,0,0,1981.0,1
2.08,0,0,0,0,0,1981.0,0
1.95,1,0,0,0,0,1981.0,1
2.08,0,0,0,0,0,1981.0,0
1.95,0,0,0,0,0,1981.0,0
2.08,0,1,0,0,0,1981.0,0
2.08,0,0,0,0,1,1981.0,0
2.08,0,1,0,0,0,1981.0,0
2.08,0,0,0,0,1,1981.0,0
2.08,0,1,0,0,0,1981.0,1
2.08,3,0,0,0,0,1981.0,0
2.08,1,0,0,0,0,1981.0,0
2.08,0,1,0,0,0,1981.0,0
2.08,0,0,0,0,0,1981.0,1
2.08,1,0,0,0,0,1981.0,0
2.08,0,1,0,0,0,1981.0,0
2.08,1,0,0,0,1,1981.0,0
2.08,7,1,0,0,1,1981.0,0
2.08,0,0,0,0,0,1981.0,0
2.08,1,0,0,0,0,1981.0,0
2.08,2,1,0,0,0,1981.0,0
2.08,0,0,0,0,0,1981.0,0
2.08,0,0,0,0,0,1981.0,1
2.08,0,0,0,0,0,1981.0,0
2.08,1,0,0,0,0,1981.0,0
2.08,0,1,1,0,0,1981.0,0
2.08,0,0,0,0,1,1981.0,0
2.08,0,1,0,0,1,1981.0,0
2.08,0,0,0,0,0,1981.0,1
2.08,0,1,0,0,0,1981.0,0
2.08,0,0,0,0,1,1981.0,0
1.95,0,1,0,0,0,1981.0,0
2.08,0,1,0,0,1,1981.0,0
2.08,0,0,0,0,1,1981.0,0
2.08,0,0,0,0,0,1981.0,0
2.08,0,1,1,0,0,1981.0,1
2.08,0,0,0,0,0,1981.0,0
2.08,0,0,0,0,0,1981.0,1
2.08,0,0,0,0,0,1981.0,0
2.08,0,1,0,0,0,1981.0,0
2.08,0,0,0,0,1,1981.0,1
2.08,0,1,0,0,0,1981.0,1
2.08,0,0,0,0,1,1981.0,0
2.08,0,0,0,0,0,1981.0,0
2.08,0,0,0,0,0,1981.0,0
2.08,0,0,0,0,0,1981.0,0
2.08,0,0,0,0,0,1981.0,0
2.08,0,0,0,0,0,1981.0,0
2.08,0,0,0,0,0,1981.0,0
2.08,0,0,0,0,0,1981.0,0
2.08,0,0,0,0,0,1981.0,0
2.08,0,0,0,0,0,1981.0,0
2.08,0,0,0,0,0,1981.0,1
2.08,0,1,0,0,1,1981.0,1
2.08,0,1,0,0,0,1981.0,0
2.08,0,1,1,0,1,1981.0,0
1.95,0,0,0,0,0,1982.0,0
1.95,6,0,0,0,0,1982.0,1
1.95,0,0,0,0,0,1982.0,1
1.95,0,0,0,0,0,1982.0,0
1.95,0,0,0,0,0,1982.0,0
1.95,0,1,0,0,0,1982.0,0
1.95,0,1,1,0,0,1982.0,0
1.95,0,1,1,0,0,1982.0,1
1.95,0,0,0,0,1,1982.0,1
1.95,0,1,0,0,0,1982.0,1
1.95,0,0,0,0,0,1982.0,0
1.95,0,0,0,0,0,1982.0,1
1.95,0,1,0,0,0,1982.0,0
1.95,0,0,0,0,1,1982.0,0
1.95,0,1,0,0,1,1982.0,0
1.79,0,1,1,0,0,1982.0,1
1.95,0,1,0,0,1,1982.0,0
1.95,0,1,0,0,0,1982.0,0
1.95,0,1,1,0,0,1982.0,1
1.95,0,0,0,0,0,1982.0,1
1.95,0,0,0,0,1,1982.0,1
1.95,0,1,0,0,1,1982.0,0
1.95,0,0,0,0,0,1982.0,0
1.95,0,0,0,0,0,1982.0,0
1.95,0,0,0,0,0,1982.0,0
1.39,3,1,0,0,0,1982.0,0
1.95,0,0,0,0,0,1982.0,0
1.95,0,1,0,0,0,1982.0,1
1.95,0,0,0,0,0,1982.0,1
1.95,0,1,1,0,0,1982.0,0
1.79,0,0,0,0,1,1982.0,0
1.95,2,1,0,0,1,1982.0,0
1.95,0,1,0,0,1,1982.0,0
1.79,0,0,0,0,1,1982.0,0
1.95,0,0,0,0,1,1982.0,1
1.95,0,0,0,0,1,1982.0,0
1.95,0,1,0,0,1,1982.0,0
1.95,0,1,0,0,0,1982.0,0
1.95,0,0,0,0,0,1982.0,1
1.95,0,1,1,0,0,1982.0,0
1.95,0,0,0,0,1,1982.0,1
1.95,0,1,0,0,0,1982.0,0
1.95,0,0,0,0,0,1982.0,0
1.95,0,1,0,0,0,1982.0,0
1.79,0,1,0,0,0,1982.0,0
1.95,0,1,0,0,0,1982.0,0
1.95,0,1,1,0,0,1982.0,0
1.95,0,1,1,0,0,1982.0,0
1.95,0,1,0,0,1,1982.0,0
1.95,0,1,1,0,0,1982.0,1
1.95,0,1,0,0,1,1982.0,0
1.95,0,0,0,0,1,1982.0,0
1.95,0,1,0,0,0,1982.0,1
1.95,0,1,0,0,0,1982.0,1
1.95,0,0,0,0,0,1982.0,0
1.95,0,1,1,0,1,1982.0,0
1.95,0,0,0,0,1,1982.0,0
1.79,0,0,0,0,0,1982.0,0
1.95,0,0,0,0,1,1982.0,0
1.95,0,1,0,0,0,1982.0,0
1.95,0,0,0,0,0,1982.0,0
1.95,0,1,0,0,0,1982.0,0
1.95,0,0,0,0,1,1982.0,0
1.95,0,0,0,0,0,1982.0,1
1.95,0,0,0,0,0,1982.0,1
1.39,2,1,0,0,0,1982.0,1
1.95,0,1,0,0,0,1982.0,0
1.95,0,0,0,0,1,1982.0,0
1.95,2,1,0,0,0,1982.0,0
1.95,0,0,1,0,1,1982.0,1
1.95,0,1,1,0,1,1982.0,0
1.95,0,1,1,0,0,1982.0,0
1.95,0,1,1,0,0,1982.0,0
1.95,0,1,0,0,0,1982.0,0
1.95,0,1,0,0,1,1982.0,0
1.95,0,1,0,0,0,1982.0,0
1.95,0,0,0,0,0,1982.0,0
1.95,0,1,0,0,0,1982.0,1
1.95,0,0,0,0,0,1982.0,0
1.95,0,0,0,0,0,1982.0,0
1.95,0,0,0,0,1,1982.0,0
1.95,0,1,0,0,0,1982.0,1
1.95,0,0,0,0,0,1982.0,1
1.95,1,0,0,0,1,1982.0,0
1.79,0,0,0,0,1,1982.0,0
1.95,0,1,0,0,0,1982.0,0
1.95,0,0,0,0,0,1982.0,1
1.95,0,0,0,0,1,1982.0,0
1.95,0,0,0,0,0,1982.0,1
1.95,0,0,0,0,1,1982.0,0
1.95,0,0,0,0,0,1982.0,1
1.95,2,1,0,0,0,1982.0,0
2.08,5,1,0,0,0,1982.0,0
1.95,0,1,0,0,0,1982.0,0
1.95,0,0,0,0,0,1982.0,0
1.95,0,1,0,0,0,1982.0,1
1.95,0,0,0,0,0,1982.0,0
1.95,0,1,0,0,0,1982.0,1
1.95,0,0,0,0,1,1982.0,0
1.95,6,0,0,0,0,1982.0,0
1.95,0,0,0,0,1,1982.0,0
1.95,0,0,0,1,0,1982.0,1
1.95,0,1,0,0,0,1982.0,0
1.95,0,1,0,0,0,1982.0,0
1.95,0,0,0,0,0,1982.0,0
1.95,0,0,0,0,1,1982.0,0
1.95,0,1,0,0,1,1982.0,0
1.95,0,1,0,0,1,1982.0,0
1.95,0,0,0,0,0,1982.0,1
1.95,0,0,0,0,1,1982.0,0
1.95,0,0,0,0,1,1982.0,0
1.95,0,1,0,0,0,1982.0,1
1.95,0,0,0,0,0,1982.0,0
1.95,0,1,1,0,0,1982.0,0
1.95,0,1,0,0,1,1982.0,1
1.95,0,1,0,0,0,1982.0,0
1.95,0,1,0,0,1,1982.0,0
1.95,0,1,0,0,1,1982.0,0
1.95,0,1,0,0,0,1982.0,1
1.95,0,0,0,0,0,1982.0,1
1.95,0,1,0,0,1,1982.0,1
1.95,0,0,0,0,0,1982.0,0
1.95,0,0,0,0,1,1982.0,0
1.95,0,1,0,0,1,1982.0,1
1.95,0,0,0,0,0,1982.0,1
1.95,0,0,0,0,1,1982.0,1
1.95,0,1,0,0,1,1982.0,0
1.95,0,0,0,0,1,1982.0,0
1.95,0,0,0,0,0,1982.0,0
1.95,0,0,0,0,1,1982.0,1
1.95,0,1,1,0,1,1982.0,0
1.95,0,0,0,0,0,1982.0,1
1.95,0,0,0,0,0,1982.0,0
1.95,0,0,0,0,0,1982.0,1
1.95,0,0,0,0,0,1982.0,0
1.95,0,1,0,0,1,1982.0,0
1.95,6,0,0,0,0,1982.0,1
1.79,0,1,0,0,0,1983.0,0
1.79,0,0,0,0,0,1983.0,1
1.79,0,0,0,0,1,1983.0,0
1.79,0,0,0,1,0,1983.0,1
1.79,0,1,0,0,1,1983.0,0
1.79,0,0,0,0,1,1983.0,0
1.61,0,0,0,0,1,1983.0,0
1.79,0,1,0,0,0,1983.0,0
1.79,0,1,0,0,1,1983.0,0
1.79,0,0,0,0,0,1983.0,0
1.79,0,0,0,0,0,1983.0,1
1.79,0,1,0,0,0,1983.0,0
1.79,0,1,0,0,1,1983.0,0
1.79,0,0,0,0,1,1983.0,1
1.79,0,0,0,0,1,1983.0,0
1.79,0,1,1,0,1,1983.0,0
1.79,0,0,0,0,1,1983.0,0
1.79,0,1,0,0,1,1983.0,0
1.79,0,0,0,0,0,1983.0,1
1.79,0,1,1,0,0,1983.0,0
1.79,0,1,0,0,1,1983.0,0
1.79,0,0,0,0,1,1983.0,0
1.79,0,1,0,0,0,1983.0,0
1.79,0,0,0,0,0,1983.0,1
1.79,0,0,0,0,1,1983.0,0
1.79,0,1,0,0,0,1983.0,0
1.79,0,1,0,0,1,1983.0,0
1.79,0,0,0,0,1,1983.0,0
1.79,0,0,0,0,1,1983.0,0
1.79,0,0,0,0,0,1983.0,0
1.79,0,0,0,0,0,1983.0,1
1.79,0,0,0,0,1,1983.0,0
1.79,0,1,0,0,0,1983.0,0
1.79,0,0,0,0,0,1983.0,0
1.79,0,0,0,0,0,1983.0,0
1.79,1,0,0,0,0,1983.0,0
1.61,3,1,0,0,0,1983.0,0
1.79,0,0,0,0,0,1983.0,0
1.79,0,1,1,0,0,1983.0,0
1.79,0,0,0,0,0,1983.0,0
1.79,0,1,0,0,1,1983.0,1
1.79,0,0,0,0,1,1983.0,0
1.79,0,1,0,0,0,1983.0,0
1.79,0,1,0,0,0,1983.0,1
1.79,0,1,1,0,0,1983.0,0
1.79,0,0,0,0,1,1983.0,0
1.79,0,1,0,0,0,1983.0,0
1.79,0,0,0,0,1,1983.0,0
1.79,0,0,0,0,1,1983.0,1
1.79,0,1,0,0,0,1983.0,0
1.79,0,0,0,0,0,1983.0,0
1.79,0,0,0,0,0,1983.0,0
1.79,0,1,0,0,0,1983.0,1
1.79,0,1,0,0,1,1983.0,0
1.79,0,1,0,0,0,1983.0,0
1.79,0,0,0,0,0,1983.0,0
1.79,0,0,0,0,0,1983.0,0
1.79,0,1,0,0,0,1983.0,1
1.79,0,1,1,0,0,1983.0,0
1.79,0,0,0,0,1,1983.0,0
1.79,0,1,0,0,0,1983.0,0
1.79,0,0,0,0,1,1983.0,0
1.79,0,0,0,0,1,1983.0,0
1.79,4,0,0,0,0,1983.0,0
1.79,0,0,0,0,0,1983.0,0
1.79,0,0,0,0,1,1983.0,0
1.79,0,0,0,0,0,1983.0,0
1.79,0,0,0,0,0,1983.0,0
1.79,0,1,0,0,0,1983.0,0
1.61,0,0,0,0,1,1983.0,1
1.61,2,1,0,0,0,1983.0,0
1.79,0,1,0,0,1,1983.0,0
1.79,0,0,0,0,1,1983.0,0
1.79,0,0,0,0,0,1983.0,0
1.79,0,0,0,0,0,1983.0,1
1.79,0,0,0,0,1,1983.0,0
1.79,0,0,0,0,1,1983.0,1
1.79,0,0,0,0,0,1983.0,0
1.79,0,0,0,0,0,1983.0,1
1.79,0,0,0,0,0,1983.0,0
1.79,0,1,0,0,0,1983.0,0
1.79,0,1,0,0,0,1983.0,1
1.79,0,1,0,0,1,1983.0,0
1.79,0,1,0,0,0,1983.0,0
1.79,0,1,0,0,0,1983.0,0
1.61,3,1,0,0,0,1983.0,0
1.79,0,0,0,0,0,1983.0,0
1.79,0,1,0,0,0,1983.0,0
1.79,0,1,0,0,1,1983.0,1
1.79,0,1,0,0,1,1983.0,0
1.79,0,0,0,0,1,1983.0,1
1.79,0,0,0,1,0,1983.0,1
1.61,2,1,0,0,0,1983.0,0
1.79,0,0,0,0,0,1983.0,0
1.79,0,0,0,0,0,1983.0,0
1.79,0,0,0,0,0,1983.0,0
1.79,0,1,0,0,0,1983.0,0
1.79,0,0,0,0,0,1983.0,0
1.79,0,0,1,0,0,1983.0,0
1.79,0,0,0,0,0,1983.0,0
1.79,0,0,0,0,0,1983.0,0
1.79,0,0,0,0,0,1983.0,1
1.79,0,0,0,0,0,1983.0,1
1.79,0,1,0,0,0,1983.0,0
1.79,0,1,1,0,1,1983.0,0
1.79,0,0,0,0,1,1983.0,1
1.79,0,1,0,0,1,1983.0,0
1.79,0,1,0,0,1,1983.0,0
1.79,0,0,0,0,0,1983.0,1
1.79,6,1,0,0,0,1983.0,0
1.79,0,1,0,0,1,1983.0,0
1.79,0,1,0,0,1,1983.0,1
1.79,0,0,0,0,0,1983.0,1
1.79,0,0,0,0,0,1983.0,0
1.79,0,0,0,0,0,1983.0,0
1.79,0,0,0,0,0,1983.0,0
1.79,0,1,1,0,0,1983.0,0
1.79,0,0,0,0,0,1983.0,1
1.79,0,1,0,0,1,1983.0,0
1.79,0,1,0,0,1,1983.0,0
1.79,0,0,0,0,1,1983.0,0
1.79,0,1,0,0,1,1983.0,0
1.79,0,1,0,0,1,1983.0,0
1.79,0,0,0,0,0,1983.0,0
1.79,0,1,0,0,0,1983.0,0
1.79,0,1,1,0,1,1983.0,0
1.79,0,1,1,0,0,1983.0,0
1.79,0,0,0,0,0,1983.0,0
1.79,0,0,1,0,0,1983.0,0
1.79,0,1,1,0,0,1983.0,0
1.79,0,0,0,0,1,1983.0,0
1.79,0,0,0,0,0,1983.0,0
1.79,0,0,0,0,1,1983.0,0
1.79,0,0,0,0,0,1983.0,1
1.79,0,1,0,0,0,1983.0,0
1.79,5,0,0,0,1,1983.0,0
1.79,0,0,0,0,1,1983.0,0
1.61,0,1,0,0,1,1984.0,0
1.61,0,0,0,0,1,1984.0,0
1.61,0,1,0,0,0,1984.0,0
1.61,0,0,0,0,0,1984.0,0
1.61,0,0,0,0,0,1984.0,0
1.61,0,0,0,0,1,1984.0,0
1.61,0,1,0,0,0,1984.0,0
1.61,0,1,0,0,1,1984.0,0
1.61,0,0,0,0,0,1984.0,0
1.39,0,0,0,0,1,1984.0,0
1.61,0,1,0,0,1,1984.0,0
1.61,0,0,0,0,1,1984.0,0
1.61,0,0,0,0,1,1984.0,0
1.61,0,0,0,0,0,1984.0,0
1.61,0,0,0,0,0,1984.0,0
1.61,0,1,0,0,0,1984.0,0
1.61,0,0,0,0,0,1984.0,0
1.61,0,0,0,0,0,1984.0,0
1.61,0,0,0,0,0,1984.0,1
1.61,0,0,0,0,1,1984.0,0
1.61,0,0,0,0,0,1984.0,1
1.61,0,0,0,0,0,1984.0,0
1.61,0,1,0,0,1,1984.0,0
1.61,0,1,0,0,1,1984.0,0
1.61,0,0,0,0,0,1984.0,0
1.61,0,0,0,0,0,1984.0,0
1.61,3,1,0,0,1,1984.0,0
1.39,0,0,0,0,1,1984.0,0
1.61,0,1,0,0,1,1984.0,0
1.61,5,1,0,0,0,1984.0,0
1.61,0,0,0,0,1,1984.0,0
1.39,0,0,0,0,1,1984.0,1
1.61,0,0,0,0,0,1984.0,0
1.61,0,1,0,0,0,1984.0,0
1.61,0,1,0,0,0,1984.0,0
1.61,0,1,0,0,0,1984.0,0
1.61,0,0,0,0,1,1984.0,0
1.61,0,0,0,0,0,1984.0,0
1.61,0,0,0,0,0,1984.0,0
1.61,0,1,0,0,0,1984.0,1
1.61,0,0,0,0,1,1984.0,1
1.61,0,0,0,0,0,1984.0,1
1.61,0,0,0,0,0,1984.0,0
1.61,0,0,0,0,0,1984.0,0
1.79,5,1,0,0,1,1984.0,0
1.79,5,0,0,0,0,1984.0,0
1.61,0,0,0,0,1,1984.0,0
1.61,0,0,0,0,0,1984.0,1
1.61,0,1,0,0,1,1984.0,1
1.61,0,1,0,0,0,1984.0,0
1.61,0,0,0,0,1,1984.0,0
1.61,0,1,0,0,0,1984.0,0
1.61,0,1,0,0,0,1984.0,0
1.61,0,0,0,0,0,1984.0,1
1.61,0,0,0,0,0,1984.0,0
1.61,0,0,0,0,0,1984.0,0
1.61,0,1,0,0,1,1984.0,1
1.61,0,1,0,0,0,1984.0,0
1.61,0,0,0,0,1,1984.0,0
1.61,0,1,0,0,1,1984.0,0
1.61,0,0,0,0,0,1984.0,0
1.61,0,0,0,0,0,1984.0,0
1.61,0,1,0,0,1,1984.0,0
1.61,0,0,0,0,0,1984.0,0
1.61,0,0,0,0,1,1984.0,0
1.61,0,0,0,0,0,1984.0,1
1.61,0,0,0,0,0,1984.0,1
1.61,0,0,0,0,0,1984.0,0
1.61,0,1,0,0,0,1984.0,0
1.61,0,1,0,0,0,1984.0,1
1.61,0,1,0,0,1,1984.0,1
1.61,0,0,0,0,0,1984.0,0
1.61,0,0,0,0,1,1984.0,0
1.61,0,0,0,0,1,1984.0,0
1.61,0,0,0,0,1,1984.0,1
1.61,0,1,0,0,0,1984.0,1
1.61,0,0,0,1,1,1984.0,1
1.61,0,1,0,0,0,1984.0,0
1.61,0,0,0,0,0,1984.0,0
1.61,0,1,0,0,1,1984.0,0
1.61,0,0,0,0,0,1984.0,0
1.61,1,0,0,0,1,1984.0,0
1.61,0,0,0,0,0,1984.0,0
1.61,0,1,0,0,0,1984.0,0
1.61,0,1,0,0,1,1984.0,0
1.61,2,0,0,0,1,1984.0,0
1.61,0,0,0,0,1,1984.0,0
1.61,0,0,0,1,0,1984.0,0
1.61,0,0,0,0,0,1984.0,0
1.61,0,0,0,0,0,1984.0,0
0.69,2,0,0,0,0,1984.0,0
1.61,0,0,0,0,0,1984.0,0
1.61,0,1,0,0,1,1984.0,1
1.61,0,0,0,0,1,1984.0,0
1.61,0,0,0,0,0,1984.0,1
1.61,0,0,0,0,0,1984.0,1
1.61,0,0,0,0,0,1984.0,0
1.61,0,1,0,0,1,1984.0,1
1.61,0,1,0,0,1,1984.0,0
1.61,0,0,0,0,1,1984.0,0
1.61,0,0,0,0,1,1984.0,0
1.61,0,1,0,0,0,1984.0,0
1.61,0,0,0,0,1,1984.0,0
1.61,0,0,0,0,0,1984.0,0
1.61,1,0,0,0,1,1984.0,0
1.61,0,0,0,0,1,1984.0,0
1.61,0,0,0,0,0,1984.0,0
1.61,0,1,0,0,1,1984.0,0
1.61,0,0,0,0,1,1984.0,0
1.61,0,0,0,0,0,1984.0,0
1.61,0,1,0,0,0,1984.0,1
1.61,0,0,0,0,0,1984.0,0
1.61,0,1,1,0,0,1984.0,1
1.39,0,0,0,0,0,1984.0,0
1.61,0,0,0,0,0,1984.0,0
1.61,0,0,0,0,0,1984.0,1
1.61,0,1,0,0,1,1984.0,0
1.61,0,0,0,0,1,1984.0,0
1.61,0,0,0,0,0,1984.0,0
1.61,0,1,1,0,0,1984.0,0
1.61,0,0,0,0,0,1984.0,1
1.61,0,1,0,0,1,1984.0,0
1.39,0,1,0,0,1,1984.0,0
1.61,0,0,0,0,0,1984.0,0
1.61,0,0,0,0,1,1984.0,1
1.61,0,0,0,0,0,1984.0,0
1.61,0,0,0,0,0,1984.0,1
1.61,10,1,0,0,0,1984.0,0
1.61,0,0,0,0,1,1984.0,1
0.69,2,0,0,0,0,1984.0,0
1.61,0,0,0,0,0,1984.0,0
1.61,4,1,0,0,1,1984.0,0
1.61,0,1,0,0,1,1984.0,1
1.61,0,0,0,0,1,1984.0,0
1.61,0,1,0,0,1,1984.0,1
1.61,0,0,0,0,0,1984.0,1
1.61,0,0,0,0,0,1984.0,0
1.39,1,0,0,0,1,1984.0,0
1.61,0,0,0,0,1,1984.0,0
1.61,0,0,0,0,0,1984.0,1
1.61,0,0,0,0,1,1984.0,0
1.39,0,1,1,0,0,1985.0,1
1.1,0,0,0,0,1,1985.0,0
1.39,0,1,0,0,0,1985.0,0
1.39,0,0,0,0,0,1985.0,0
1.39,0,0,0,0,0,1985.0,0
1.39,0,0,0,0,0,1985.0,0
1.39,0,0,0,0,0,1985.0,0
1.39,0,0,0,0,1,1985.0,1
1.39,0,0,0,0,1,1985.0,1
1.39,0,1,0,0,1,1985.0,0
1.1,0,0,0,0,0,1985.0,0
1.39,0,1,0,1,0,1985.0,0
1.39,0,0,0,0,0,1985.0,0
1.39,0,0,0,0,0,1985.0,1
1.39,0,0,0,0,0,1985.0,0
1.39,0,1,0,0,0,1985.0,1
1.39,0,0,0,0,0,1985.0,1
1.39,0,0,0,0,0,1985.0,0
1.39,0,1,0,0,0,1985.0,0
1.39,0,1,0,0,0,1985.0,0
1.39,0,0,0,1,1,1985.0,0
1.39,0,0,0,0,0,1985.0,0
1.39,0,0,0,0,1,1985.0,0
1.39,0,1,0,0,1,1985.0,0
1.1,0,1,0,0,0,1985.0,1
1.39,0,1,0,0,0,1985.0,0
1.39,0,1,0,0,1,1985.0,1
1.39,0,1,0,0,1,1985.0,1
1.39,0,0,0,0,1,1985.0,0
1.39,0,0,0,0,0,1985.0,1
1.39,0,0,0,0,0,1985.0,0
1.1,0,1,0,0,0,1985.0,0
1.39,0,0,0,0,1,1985.0,0
1.39,0,1,0,0,0,1985.0,1
1.39,0,0,0,0,1,1985.0,0
1.39,0,1,1,0,0,1985.0,1
1.39,0,1,0,0,1,1985.0,0
1.39,0,1,0,0,1,1985.0,0
1.39,0,1,1,0,0,1985.0,0
1.39,0,0,0,0,1,1985.0,0
1.39,0,1,1,0,0,1985.0,1
1.1,0,0,0,0,1,1985.0,0
1.39,0,0,0,0,0,1985.0,0
1.39,0,0,0,0,0,1985.0,0
1.1,0,0,0,0,1,1985.0,0
1.39,0,1,1,0,0,1985.0,0
1.1,0,0,0,0,0,1985.0,0
1.39,0,0,0,0,1,1985.0,0
1.39,0,0,0,0,1,1985.0,0
1.39,0,0,0,0,0,1985.0,0
1.39,0,0,0,0,0,1985.0,0
1.39,0,0,0,0,0,1985.0,0
1.39,0,1,0,0,0,1985.0,0
1.39,0,0,0,0,0,1985.0,0
1.1,0,1,0,0,1,1985.0,0
1.39,0,0,0,0,0,1985.0,1
1.39,0,0,0,0,0,1985.0,0
1.39,0,0,0,0,1,1985.0,0
1.39,0,1,0,0,0,1985.0,0
1.39,0,0,0,0,0,1985.0,0
1.39,0,0,0,0,1,1985.0,1
1.39,0,0,0,0,1,1985.0,0
1.39,0,1,1,0,1,1985.0,0
1.39,0,1,0,0,0,1985.0,1
1.39,0,1,0,0,1,1985.0,0
1.39,0,0,0,0,0,1985.0,0
1.39,0,0,0,0,0,1985.0,0
1.39,0,1,1,0,0,1985.0,0
1.39,0,1,0,0,1,1985.0,1
1.39,0,0,0,0,0,1985.0,0
1.39,0,1,0,0,0,1985.0,1
1.39,0,1,0,0,0,1985.0,0
1.39,0,1,0,0,0,1985.0,0
1.39,0,1,0,0,0,1985.0,1
1.39,0,1,0,0,0,1985.0,1
1.39,0,0,0,0,0,1985.0,0
1.39,0,1,1,0,0,1985.0,0
1.39,0,1,0,0,1,1985.0,1
1.39,0,0,0,0,0,1985.0,1
1.39,0,1,0,0,0,1985.0,0
1.39,0,1,0,1,0,1985.0,0
1.39,0,0,0,0,1,1985.0,0
1.39,0,1,1,0,0,1985.0,1
1.39,0,1,0,0,1,1985.0,0
1.39,0,1,0,0,1,1985.0,0
1.39,0,1,0,0,1,1985.0,1
1.39,0,0,0,0,0,1985.0,0
1.39,0,0,0,0,1,1985.0,1
1.39,0,0,0,0,0,1985.0,1
1.39,7,0,0,0,0,1985.0,1
1.39,0,0,0,0,0,1985.0,0
1.39,0,0,0,0,0,1985.0,0
1.39,0,1,0,0,0,1985.0,1
1.39,0,0,0,0,0,1985.0,1
1.39,0,0,0,0,0,1985.0,1
1.39,0,1,0,0,1,1985.0,0
1.39,0,1,0,0,1,1985.0,1
1.39,0,0,0,0,0,1985.0,0
1.39,0,0,0,0,0,1985.0,0
1.39,0,0,0,0,0,1985.0,0
1.39,0,0,0,0,1,1985.0,1
1.39,0,0,0,0,1,1985.0,0
1.39,0,1,0,0,0,1985.0,0
1.39,0,0,0,0,0,1985.0,0
1.39,0,1,0,0,0,1985.0,0
1.39,0,1,0,0,1,1985.0,0
1.39,0,0,0,0,1,1985.0,1
1.39,0,0,0,0,0,1985.0,1
1.1,0,0,0,0,0,1985.0,0
1.39,0,0,0,0,0,1985.0,0
1.39,0,0,0,0,1,1985.0,0
1.39,0,0,0,0,0,1985.0,0
1.39,0,0,0,0,0,1985.0,0
1.39,0,1,0,0,0,1985.0,0
1.39,0,0,0,0,0,1985.0,0
1.39,0,1,0,0,0,1985.0,0
1.39,0,0,0,0,0,1985.0,1
1.39,0,1,1,0,0,1985.0,0
1.39,0,1,0,0,0,1985.0,0
1.39,0,1,0,0,1,1985.0,1
1.39,0,0,0,0,1,1985.0,0
1.39,0,1,0,0,1,1985.0,0
1.39,0,1,0,0,0,1985.0,1
1.39,0,1,0,0,1,1985.0,0
1.39,0,0,0,0,0,1985.0,0
1.1,0,1,0,0,0,1985.0,1
1.39,0,0,0,0,0,1985.0,0
1.39,0,0,0,0,0,1985.0,1
1.1,0,0,0,0,0,1985.0,1
1.39,0,0,0,0,1,1985.0,0
1.39,0,0,0,0,0,1985.0,0
1.39,5,0,0,0,1,1985.0,1
1.39,0,0,0,0,1,1985.0,0
1.39,0,0,0,0,1,1985.0,0
1.1,0,0,0,0,1,1985.0,1
1.39,0,1,0,0,0,1985.0,0
1.39,0,1,0,0,1,1985.0,1
1.39,0,1,0,0,1,1985.0,0
1.39,0,0,0,0,0,1985.0,0
1.1,0,0,0,0,1,1986.0,0
1.1,0,1,0,0,1,1986.0,0
1.1,0,1,0,0,1,1986.0,0
1.1,0,1,0,0,0,1986.0,0
1.1,0,0,0,0,0,1986.0,1
1.1,0,1,0,0,1,1986.0,1
1.1,0,1,0,0,1,1986.0,0
1.1,0,0,0,0,0,1986.0,0
1.1,0,1,0,0,1,1986.0,0
1.1,0,0,0,0,0,1986.0,0
1.1,0,1,0,0,1,1986.0,0
1.1,0,0,0,0,0,1986.0,1
1.1,0,1,0,0,1,1986.0,0
1.1,0,1,0,0,0,1986.0,0
1.1,0,1,0,0,0,1986.0,1
1.1,0,0,0,0,0,1986.0,1
1.1,0,0,0,0,0,1986.0,1
1.1,0,0,0,0,0,1986.0,1
0.69,0,0,0,0,0,1986.0,0
1.1,0,0,0,0,0,1986.0,1
1.1,0,0,0,0,0,1986.0,1
1.1,0,0,0,0,0,1986.0,1
1.1,0,0,0,0,0,1986.0,1
1.1,0,1,0,0,0,1986.0,1
1.1,0,1,0,0,0,1986.0,0
0.69,0,1,0,0,0,1986.0,0
1.1,0,0,0,0,1,1986.0,0
1.1,0,1,0,0,0,1986.0,0
1.1,0,1,0,0,1,1986.0,1
1.1,0,0,0,0,0,1986.0,1
1.1,0,1,0,0,1,1986.0,0
0.69,0,0,0,0,0,1986.0,0
1.1,0,1,0,0,1,1986.0,0
1.1,0,1,0,0,0,1986.0,0
1.1,0,0,0,0,0,1986.0,0
1.1,0,0,0,0,1,1986.0,0
1.1,0,1,0,0,1,1986.0,0
1.1,0,0,0,0,0,1986.0,1
1.1,0,0,0,0,1,1986.0,0
1.1,0,0,0,0,0,1986.0,1
1.1,0,0,0,0,0,1986.0,0
1.1,0,1,0,0,0,1986.0,1
1.1,0,0,0,0,0,1986.0,1
1.1,0,0,0,0,0,1986.0,0
1.1,0,0,0,0,1,1986.0,0
1.1,0,1,0,0,1,1986.0,0
1.1,0,0,0,0,0,1986.0,1
1.1,0,1,1,0,0,1986.0,0
1.1,0,0,0,0,1,1986.0,0
1.1,0,0,0,0,0,1986.0,0
1.1,0,0,0,0,1,1986.0,1
0.69,0,0,0,0,0,1986.0,0
1.1,0,1,0,0,0,1986.0,0
1.1,0,1,0,0,1,1986.0,0
1.1,0,0,0,0,0,1986.0,0
1.1,0,0,0,0,0,1986.0,0
1.1,0,0,0,0,1,1986.0,0
1.1,0,1,0,0,0,1986.0,0
1.1,0,1,0,0,0,1986.0,0
1.1,0,0,0,0,1,1986.0,1
1.1,0,0,0,0,0,1986.0,1
0.69,0,0,0,0,0,1986.0,1
1.1,0,0,0,0,0,1986.0,1
1.1,0,1,0,0,0,1986.0,1
1.1,0,1,0,0,0,1986.0,1
1.1,0,1,0,0,0,1986.0,0
1.1,0,1,0,0,0,1986.0,1
1.1,0,0,0,0,0,1986.0,1
1.1,0,0,0,0,0,1986.0,0
0.69,2,0,0,0,0,1986.0,0
1.1,0,0,0,0,0,1986.0,1
1.1,0,0,0,0,0,1986.0,0
1.1,0,0,0,0,0,1986.0,0
1.1,0,0,0,0,0,1986.0,1
1.1,0,0,0,0,1,1986.0,0
1.1,0,1,0,0,0,1986.0,1
1.1,0,1,0,0,1,1986.0,1
1.1,0,0,0,0,0,1986.0,0
1.1,0,0,0,0,0,1986.0,0
1.1,0,0,0,0,1,1986.0,0
1.1,0,0,0,0,1,1986.0,0
1.1,0,0,0,0,0,1986.0,0
1.1,0,0,0,0,0,1986.0,0
1.1,2,0,0,0,0,1986.0,1
1.1,0,0,0,0,0,1986.0,0
1.1,0,0,0,0,0,1986.0,0
1.1,0,1,0,0,1,1986.0,0
1.1,0,1,0,0,0,1986.0,0
1.1,2,0,0,0,0,1986.0,1
0.69,0,0,0,0,0,1986.0,0
1.1,0,1,0,1,0,1986.0,0
1.1,0,0,0,0,0,1986.0,1
1.1,0,0,0,0,0,1986.0,0
1.1,0,1,1,0,0,1986.0,0
1.1,0,0,0,0,1,1986.0,0
1.1,0,1,0,0,0,1986.0,0
1.1,0,1,0,0,0,1986.0,1
1.1,0,0,0,0,1,1986.0,0
1.1,2,0,0,0,0,1986.0,0
1.1,0,0,0,0,0,1986.0,1
1.1,0,0,0,0,1,1986.0,0
1.1,0,1,0,0,1,1986.0,0
1.1,0,0,0,0,0,1986.0,0
1.1,0,1,1,0,0,1986.0,0
1.1,0,0,0,0,0,1986.0,0
1.1,0,0,0,0,0,1986.0,0
1.1,0,1,0,0,0,1986.0,0
1.1,2,0,0,0,0,1986.0,1
1.1,0,0,0,0,0,1986.0,0
1.1,0,1,0,0,1,1986.0,0
1.1,0,1,0,0,0,1986.0,0
1.1,0,0,0,0,0,1986.0,0
1.1,0,0,0,0,1,1986.0,1
1.1,0,0,0,0,0,1986.0,0
1.1,0,0,0,0,0,1986.0,1
1.1,0,0,0,0,0,1986.0,1
1.1,0,0,0,0,1,1986.0,0
1.1,0,0,0,1,0,1986.0,0
1.1,0,0,0,0,0,1986.0,1
1.1,0,1,0,0,1,1986.0,0
1.1,0,1,0,0,0,1986.0,1
1.1,0,0,0,1,1,1986.0,1
1.1,0,0,0,0,0,1986.0,1
1.1,0,0,0,0,0,1986.0,0
1.1,0,0,0,0,0,1986.0,0
1.1,0,0,0,0,0,1986.0,1
1.1,0,1,0,0,1,1986.0,1
1.1,0,1,0,0,1,1986.0,0
1.1,0,1,0,0,0,1986.0,0
0.69,0,0,0,0,0,1987.0,0
0.0,0,0,0,0,0,1987.0,0
0.69,0,1,0,0,0,1987.0,0
0.69,0,1,0,0,0,1987.0,1
0.69,0,0,0,0,0,1987.0,0
1.1,1,0,0,0,1,1987.0,1
0.69,0,1,0,0,1,1987.0,0
0.69,0,0,0,0,0,1987.0,0
0.69,0,0,0,0,0,1987.0,0
0.69,0,1,0,1,0,1987.0,0
0.69,0,0,0,0,0,1987.0,0
0.69,0,0,0,1,0,1987.0,0
0.69,0,0,0,0,0,1987.0,0
0.69,0,0,0,0,0,1987.0,0
0.69,0,1,0,0,1,1987.0,0
0.69,0,1,0,0,0,1987.0,0
0.69,0,1,0,0,0,1987.0,0
0.69,0,1,0,0,1,1987.0,0
0.69,0,0,0,0,1,1987.0,0
0.69,0,0,0,0,0,1987.0,1
0.69,0,1,0,0,1,1987.0,0
0.69,0,0,0,0,0,1987.0,1
0.69,0,0,0,0,0,1987.0,1
0.69,0,0,0,1,1,1987.0,0
0.69,0,0,0,0,0,1987.0,1
0.0,0,0,0,0,1,1987.0,1
0.69,0,0,0,0,0,1987.0,1
0.69,0,1,0,0,0,1987.0,0
0.0,0,0,0,0,1,1987.0,0
0.69,0,0,0,0,0,1987.0,0
0.69,0,0,0,0,0,1987.0,1
0.69,0,0,0,0,0,1987.0,0
0.0,0,1,0,0,1,1987.0,1
0.69,0,1,0,0,0,1987.0,0
0.69,0,0,0,0,0,1987.0,0
0.69,0,1,0,0,0,1987.0,0
0.69,0,1,0,0,0,1987.0,0
0.69,0,0,0,0,1,1987.0,0
0.69,0,0,0,0,0,1987.0,0
0.69,0,1,0,0,0,1987.0,0
0.69,0,1,0,0,0,1987.0,0
0.69,0,0,0,0,1,1987.0,0
0.69,0,1,0,0,0,1987.0,0
0.69,0,0,0,0,1,1987.0,1
0.69,0,0,0,1,0,1987.0,1
0.69,0,0,0,0,0,1987.0,1
0.69,0,0,0,0,0,1987.0,0
0.69,0,1,0,0,0,1987.0,0
0.69,1,1,0,0,1,1987.0,0
0.69,0,1,0,0,0,1987.0,1
0.69,0,1,0,0,1,1987.0,0
0.69,0,1,0,0,1,1987.0,1
0.69,0,1,1,0,0,1987.0,1
0.0,0,0,0,0,1,1987.0,0
0.69,0,0,0,0,1,1987.0,0
0.69,0,1,0,0,0,1987.0,0
0.69,0,0,0,0,0,1987.0,1
0.69,0,1,0,0,1,1987.0,1
0.69,0,1,0,0,1,1987.0,0
0.69,0,1,0,0,0,1987.0,1
0.69,0,0,0,0,0,1987.0,1
0.69,0,0,0,0,0,1987.0,0
0.69,0,0,0,0,1,1987.0,0
0.69,0,1,0,0,0,1987.0,0
0.69,0,1,0,1,0,1987.0,0
0.69,0,1,1,0,1,1987.0,0
0.69,0,1,0,0,0,1987.0,0
0.69,0,1,1,0,0,1987.0,1
0.69,0,0,0,0,0,1987.0,0
0.69,0,0,0,0,0,1987.0,1
0.69,0,0,0,0,0,1987.0,1
0.69,0,0,0,0,1,1987.0,0
0.69,0,1,0,0,0,1987.0,1
0.0,0,0,0,0,0,1987.0,1
0.0,0,0,0,0,1,1987.0,0
0.69,0,1,0,0,1,1987.0,0
0.69,0,1,0,0,1,1987.0,0
0.69,0,1,1,0,0,1987.0,0
0.69,0,0,0,0,0,1987.0,0
0.69,0,0,0,0,0,1987.0,0
0.69,0,0,0,0,0,1987.0,1
0.69,0,0,0,0,0,1987.0,0
0.69,0,0,0,0,1,1987.0,1
0.69,0,0,0,0,0,1987.0,0
0.69,0,1,0,0,1,1987.0,0
0.0,0,0,0,0,1,1987.0,0
0.69,0,0,0,0,0,1987.0,0
0.69,0,1,0,0,1,1987.0,1
0.69,0,0,0,0,1,1987.0,0
0.69,0,0,0,0,0,1987.0,0
0.69,0,1,0,0,1,1987.0,0
0.69,0,1,0,0,0,1987.0,0
0.69,0,1,0,0,1,1987.0,0
0.69,0,0,0,0,0,1987.0,0
0.69,0,1,0,0,0,1987.0,0
0.69,0,0,0,0,1,1987.0,0
0.69,0,1,0,0,1,1987.0,0
0.69,0,0,0,0,0,1987.0,1
0.69,0,0,0,0,0,1987.0,0
0.0,0,0,0,0,1,1987.0,1
0.69,1,1,0,0,1,1987.0,0
0.69,0,1,0,0,0,1987.0,0
0.69,1,0,0,0,0,1987.0,1
0.69,0,0,0,0,0,1987.0,0
0.69,0,0,0,0,0,1987.0,1
0.69,0,1,0,0,1,1987.0,0
0.69,0,0,0,0,0,1987.0,0
0.69,0,1,0,0,1,1987.0,1
0.69,0,1,0,0,0,1987.0,0
0.69,0,1,0,0,0,1987.0,0
0.69,0,0,0,0,0,1987.0,1
0.69,0,0,0,0,0,1987.0,0
0.69,0,0,0,0,0,1987.0,0
0.69,0,1,0,0,0,1987.0,0
0.69,0,0,0,0,1,1987.0,0
0.69,0,0,0,0,0,1987.0,0
0.0,0,0,0,0,1,1987.0,0
0.69,0,0,0,0,0,1987.0,0
0.69,0,1,0,0,0,1987.0,1
0.69,0,0,0,0,0,1987.0,0
0.69,0,1,0,0,1,1987.0,0
0.69,0,0,0,0,0,1987.0,0
0.69,0,1,0,0,1,1987.0,0
0.69,0,1,0,0,1,1987.0,0
0.69,0,0,0,0,1,1987.0,0
0.69,1,0,0,0,0,1987.0,0
0.69,0,0,0,0,0,1987.0,0
0.69,0,0,0,0,0,1987.0,0
0.69,0,0,0,0,1,1987.0,1
0.69,0,0,0,0,0,1987.0,1
0.69,0,0,0,0,0,1987.0,1
0.69,0,1,0,0,1,1987.0,0
0.0,0,1,0,0,0,1987.0,1
0.69,0,1,0,0,0,1987.0,0
0.69,0,1,0,0,0,1987.0,1
0.69,0,1,0,0,0,1987.0,1
0.0,0,0,0,0,1,1988.0,0
0.0,0,0,0,0,0,1988.0,0
0.0,0,1,0,0,0,1988.0,0
0.0,0,0,0,0,1,1988.0,0
0.0,0,1,0,0,1,1988.0,1
0.0,0,1,0,0,1,1988.0,0
0.0,0,1,0,0,0,1988.0,0
0.0,0,1,0,0,0,1988.0,0
0.0,0,1,1,0,1,1988.0,0
0.0,0,1,0,0,1,1988.0,1
0.0,0,0,0,0,0,1988.0,0
0.0,0,0,0,0,0,1988.0,0
0.0,0,0,0,0,0,1988.0,0
0.0,0,0,0,0,0,1988.0,0
0.0,0,1,0,0,1,1988.0,1
0.0,0,1,1,0,0,1988.0,0
0.0,0,0,0,0,0,1988.0,0
0.0,0,0,0,0,1,1988.0,1
0.0,0,0,0,0,0,1988.0,0
0.0,0,0,0,0,0,1988.0,1
0.0,0,0,0,0,1,1988.0,0
0.0,0,0,0,0,0,1988.0,1
0.0,0,1,1,0,1,1988.0,0
0.0,0,1,0,0,0,1988.0,0
0.0,0,0,0,0,0,1988.0,1
0.0,0,1,0,0,0,1988.0,0
0.0,0,1,0,0,1,1988.0,0
0.0,0,1,0,0,1,1988.0,0
0.0,0,1,0,0,0,1988.0,0
0.0,0,1,0,0,0,1988.0,1
0.0,0,0,0,0,0,1988.0,0
0.0,0,0,0,0,0,1988.0,0
0.0,0,0,0,0,0,1988.0,0
0.0,0,1,0,0,1,1988.0,1
0.0,0,0,0,0,0,1988.0,1
0.0,0,0,0,0,0,1988.0,0
0.0,0,0,0,0,0,1988.0,0
0.0,0,0,0,0,1,1988.0,0
0.0,0,0,0,0,1,1988.0,0
0.0,0,1,0,0,0,1988.0,1
0.0,0,0,0,0,0,1988.0,1
0.0,0,1,0,0,0,1988.0,0
0.0,0,0,0,1,1,1988.0,1
0.0,0,0,0,0,0,1988.0,1
0.0,0,0,0,0,0,1988.0,0
0.0,0,0,0,0,0,1988.0,1
0.0,0,0,0,0,0,1988.0,0
0.0,0,0,0,0,0,1988.0,1
0.0,0,1,1,0,0,1988.0,1
0.0,0,1,0,0,0,1988.0,1
0.0,0,1,0,0,1,1988.0,0
0.0,0,0,0,0,0,1988.0,1
0.0,0,1,0,0,1,1988.0,0
0.0,0,1,1,0,0,1988.0,0
0.0,0,0,0,0,0,1988.0,0
0.0,0,1,0,0,0,1988.0,0
0.0,0,1,0,0,0,1988.0,0
0.0,0,0,0,0,1,1988.0,0
0.0,0,1,0,0,0,1988.0,1
0.0,0,0,0,0,1,1988.0,1
0.0,0,0,0,0,1,1988.0,1
0.0,0,1,0,0,1,1988.0,1
0.0,0,0,0,0,0,1988.0,1
0.0,1,1,0,0,1,1988.0,1
0.0,0,1,0,0,0,1988.0,0
0.0,0,1,1,0,1,1988.0,1
0.0,0,1,0,0,0,1988.0,0
0.69,1,1,0,0,0,1988.0,0
0.0,0,0,0,0,0,1988.0,1
0.0,0,1,0,0,1,1988.0,0
0.0,0,1,0,0,1,1988.0,0
0.0,0,0,0,0,1,1988.0,0
0.0,0,1,0,0,1,1988.0,0
0.0,0,0,0,0,0,1988.0,0
0.0,0,1,0,0,0,1988.0,0
0.0,0,0,0,0,1,1988.0,0
0.0,0,0,0,0,1,1988.0,1
0.0,0,0,0,0,1,1988.0,0
0.0,0,0,0,0,0,1988.0,0
0.0,0,0,0,0,0,1988.0,1
0.0,0,1,0,0,1,1988.0,0
0.0,0,1,0,0,0,1988.0,0
0.0,0,0,0,0,1,1988.0,0
0.0,0,1,1,0,0,1988.0,0
0.0,0,0,0,0,1,1988.0,0
0.0,0,1,0,0,1,1988.0,1
0.0,0,0,0,0,0,1988.0,0
0.0,0,1,0,0,0,1988.0,0
0.0,0,1,0,0,0,1988.0,0
0.0,0,0,0,0,0,1988.0,0
0.0,0,1,0,0,0,1988.0,1
0.0,0,1,0,0,0,1988.0,0
0.0,0,1,0,0,1,1988.0,0
0.0,0,0,0,0,0,1988.0,0
0.0,0,0,0,0,0,1988.0,1
0.0,0,1,0,0,0,1988.0,0
0.0,0,0,0,0,0,1988.0,0
0.69,1,1,0,0,0,1988.0,0
0.0,0,1,0,0,0,1988.0,0
0.0,0,1,0,0,0,1988.0,0
0.0,0,1,0,0,1,1988.0,1
0.0,0,0,0,0,0,1988.0,0
0.0,0,0,0,0,0,1988.0,0
0.0,0,0,0,0,0,1988.0,0
0.0,0,0,0,0,0,1988.0,1
0.0,0,0,0,0,0,1988.0,1
0.0,0,1,0,0,0,1988.0,1
0.0,0,0,0,0,0,1988.0,1
0.0,0,1,0,0,0,1988.0,0
0.0,0,1,0,0,1,1988.0,1
0.0,0,1,0,0,1,1988.0,1
0.0,0,1,1,0,0,1988.0,1
0.0,0,1,0,0,1,1988.0,1
0.0,0,1,0,0,1,1988.0,1
0.0,0,1,0,0,0,1988.0,0
0.0,0,0,0,0,0,1988.0,0
0.0,0,0,0,0,0,1988.0,0
0.0,0,0,0,0,0,1988.0,1
0.0,0,1,0,0,1,1988.0,0
0.0,0,0,0,0,0,1988.0,0
0.0,0,0,0,0,1,1988.0,0
0.0,0,0,0,0,0,1988.0,1
0.0,0,1,1,0,0,1988.0,0
0.0,0,1,0,0,0,1988.0,1
0.0,0,0,0,0,0,1988.0,0
0.0,0,1,0,0,0,1988.0,1
